Substrate,Microbial Inoculum,Reactor / Mode,pH,Temp (°C),Original Yield,Original Unit,Conversion Calculation & Notes,Unit Group,ref,y,explicitly_excluded,y_recomputed,flag_arithmetic,flag_unit_suspect,flag_per_slurry,flag_review_duplicate,flag_mw_basis,flag_above_thauer,flag_exact_duplicate,pH_numeric,T_numeric,flag_pH_derived,flag_T_derived,recommended_for_modelling,sub_cat,inoc_cat,react_cat,mode,pHn,Tn
Food waste,Heat-treated granular sludge (UASB brewery),Batch,5.5,35,0.152,dm³ H₂/g VS,Direct dm³/g VS (no conversion),Group A,"Alibardi & Cossu, 2014",0.152,False,0.152,False,False,False,False,False,False,False,5.5,35.0,False,False,True,Food/kitchen waste,Granular sludge,Generic / Batch,Batch,5.5,35.0
Kitchen waste,Heat-treated granular sludge,Batch,5.5,35,0.005,dm³ H₂/g VS,Direct dm³/g VS,Group A,"Alibardi & Cossu, 2014",0.005,False,0.005,False,False,False,False,False,False,False,5.5,35.0,False,False,True,Food/kitchen waste,Granular sludge,Generic / Batch,Batch,5.5,35.0
Vegetables,Heat-treated granular sludge,Batch,5.5,35 ± 1,0.013,dm³ H₂/g VS,Direct dm³/g VS,Group A,"Alibardi & Cossu, 2014",0.013,False,0.013,False,False,False,False,False,False,False,5.5,35.0,False,True,True,Food/kitchen waste,Granular sludge,Generic / Batch,Batch,5.5,35.0
OFMSW (mixed real waste),Heat-treated granular sludge,Batch,5.5,35 ± 1,0.07,dm³ H₂/g VS,Direct dm³/g VS,Group A,"Alibardi & Cossu, 2014",0.07,False,0.07,False,False,False,False,False,False,False,5.5,35.0,False,True,True,Municipal solid waste,Granular sludge,Generic / Batch,Batch,5.5,35.0
Wheat straw,Thermoanaerobacterium thermosaccharolyticum M18,Batch,,60,3.53,mmol H₂/g,mmol H₂/g × 22.414 ÷ 1000 → dm³ H₂/g,Group A,"Cao et al., 2014",0.079121,False,0.07912142,False,False,False,False,False,False,False,,60.0,False,False,True,Lignocellulosic,Thermophilic pure culture,Generic / Batch,Batch,,60.0
Barley hulls,Clostridium thermocellum ATCC 27405,Batch,,60,1.07,mmol H₂/g,mmol H₂/g × 22.414 ÷ 1000 → dm³ H₂/g,Group A,"Cao et al., 2014",0.023983,False,0.02398298,False,False,False,False,False,False,False,,60.0,False,False,True,Lignocellulosic,Thermophilic pure culture,Generic / Batch,Batch,,60.0
Corn stalk,Clostridium sartagoforme FZ11,Batch,,35–45,87.2,cm³ H₂/g,cm³ H₂/g VS ÷ 1000 → dm³ H₂/g VS,Group A,"Cao et al., 2014",0.0872,False,0.0872,False,False,False,False,False,False,False,,40.0,False,True,True,Lignocellulosic,Clostridium spp.,Generic / Batch,Batch,,40.0
Grass,Mixed culture,Batch,,35,4.39,cm³ H₂/g,cm³ H₂/g VS ÷ 1000 → dm³ H₂/g VS,Group A,"Cao et al., 2014",0.00439,False,0.00439,False,False,False,False,False,False,False,,35.0,False,False,True,Lignocellulosic,Mixed culture,Generic / Batch,Batch,,35.0
Wheat straw (WST),Caldicellulosiruptor saccharolyticus DSM8903,Batch (anaerobic vials),7.2,70,44.68,L H₂/kg dry biomass,L H₂/kg dry biomass × 0.001 → dm³ H₂/g,Group A,"Ivanova et al., 2009",0.04468,False,0.04468,False,False,False,False,False,False,False,7.2,70.0,False,False,True,Lignocellulosic,Thermophilic pure culture,Generic / Batch,Batch,7.2,70.0
Pretreated maize leaves (PML),C. saccharolyticus DSM8903,Batch,7.2,70,38.14,L H₂/kg dry biomass,L H₂/kg dry biomass × 0.001 → dm³ H₂/g,Group A,"Ivanova et al., 2009",0.03814,False,0.03814,False,False,False,False,False,False,False,7.2,70.0,False,False,True,Lignocellulosic,Clostridium spp.,Generic / Batch,Batch,7.2,70.0
Sweet sorghum plant (SSP),C. saccharolyticus DSM8903,Batch,7.2,70,30.17,L H₂/kg dry biomass,L H₂/kg dry biomass × 0.001 → dm³ H₂/g,Group A,"Ivanova et al., 2009",0.03017,False,0.030170000000000002,False,False,False,False,False,False,False,7.2,70.0,False,False,True,Lignocellulosic,Clostridium spp.,Generic / Batch,Batch,7.2,70.0
Sugarcane bagasse (BGS),C. saccharolyticus DSM8903,Batch,7.2,70,18.21,L H₂/kg dry biomass,L H₂/kg dry biomass × 0.001 → dm³ H₂/g,Group A,"Ivanova et al., 2009",0.01821,False,0.01821,False,False,False,False,False,False,False,7.2,70.0,False,False,True,Lignocellulosic,Clostridium spp.,Generic / Batch,Batch,7.2,70.0
Untreated maize leaves (UML),C. saccharolyticus DSM8903,Batch,7.2,70,15.33,L H₂/kg dry biomass,L H₂/kg dry biomass × 0.001 → dm³ H₂/g,Group A,"Ivanova et al., 2009",0.01533,False,0.01533,False,False,False,False,False,False,False,7.2,70.0,False,False,True,Lignocellulosic,Clostridium spp.,Generic / Batch,Batch,7.2,70.0
Silphium leaves (STR),C. saccharolyticus DSM8903,Batch,7.2,70,8.14,L H₂/kg dry biomass,L H₂/kg dry biomass × 0.001 → dm³ H₂/g,Group A,"Ivanova et al., 2009",0.00814,False,0.008140000000000001,False,False,False,False,False,False,False,7.2,70.0,False,False,True,Lignocellulosic,Clostridium spp.,Generic / Batch,Batch,7.2,70.0
Delignified wood,Clostridium thermocellum 27405,Batch fermentation,6.38,60,1.6,mol H₂/mol glucose equivalent,mol H₂/mol glucose eq. × 22.414 ÷ 180.16 → dm³ H₂/g (complex substrate; glucose MW used as conservative basis),Group C,"Levin et al., 2006",0.1991,False,0.19905861456483126,False,False,False,False,False,False,False,6.38,60.0,False,False,True,Lignocellulosic,Thermophilic pure culture,Generic / Batch,Batch,6.38,60.0
Cellobiose,Clostridium thermocellum 27405,Batch fermentation,7.28,60,1.5,mol H₂/mol glucose equivalent,mol H₂/mol cellobiose eq. × 22.414 ÷ 342.30 g/mol (cellobiose MW) → dm³ H₂/g,Group B,"Levin et al., 2006",0.0982,False,0.09822085889570552,False,False,False,False,False,False,False,7.28,60.0,False,False,True,Simple sugars/starch,Thermophilic pure culture,Generic / Batch,Batch,7.28,60.0
Glucose,Clostridiaceae & Flexibacteraceae,Membrane/Continuous,5.5,35,4.0,mol H₂/mol glucose,mol H₂/mol glucose × 22.414 ÷ 180.16 → dm³ H₂/g,Group B,"Łukajtis et al., 2018",0.4976,False,0.4976465364120782,False,False,False,False,False,False,False,5.5,35.0,False,False,True,Simple sugars/starch,Clostridium spp.,Membrane / Continuous,Continuous,5.5,35.0
Glucose,Mixed culture (WWTP sludge),Batch,4.4,35,0.55,mol H₂/mol glucose,mol H₂/mol glucose × 22.414 ÷ 180.16 → dm³ H₂/g,Group B,"Łukajtis et al., 2018",0.0684,False,0.06842639875666076,False,False,False,False,False,False,False,4.4,35.0,False,False,True,Simple sugars/starch,Sewage/WWTP sludge,Generic / Batch,Batch,4.4,35.0
Sucrose,Enterobacter cloacae IIT-BT 08,Batch,5.5,34,2.0,mol H₂/mol sucrose,mol H₂/mol sucrose × 22.414 ÷ 342.30 → dm³ H₂/g,Group B,"Łukajtis et al., 2018",0.131,False,0.13096114519427404,False,False,False,False,False,False,False,5.5,34.0,False,False,True,Simple sugars/starch,Enterobacteriaceae,Generic / Batch,Batch,5.5,34.0
D-Xylose,E. cloacae IIT-BT 08,Batch,6,36,0.95,mol H₂/mol glucose (C5 equiv.),mol H₂/mol C5 pentose × 22.414 ÷ 150.13 → dm³ H₂/g,Group B,"Łukajtis et al., 2018",0.1418,False,0.1418324119096783,False,False,False,False,False,False,False,6.0,36.0,False,False,True,Simple sugars/starch,Other,Generic / Batch,Batch,6.0,36.0
Cellulose,Thermoanaerobacterium thermosaccharolyticum,Fermentor/Batch,7,50–70,2.17,mol H₂/mol glucose,mol H₂/mol glucose × 22.414 ÷ 180.16 → dm³ H₂/g,Group B,"Łukajtis et al., 2018",0.27,False,0.26997324600355244,False,False,False,False,False,False,False,7.0,60.0,False,True,True,Lignocellulosic,Thermophilic pure culture,Bioreactor / Batch,Batch,7.0,60.0
Sucrose,Mixed culture,Semi-continuous,6.25,45–80,2.53,mol H₂/mol sucrose,mol H₂/mol sucrose × 22.414 ÷ 342.30 → dm³ H₂/g,Group B,"Łukajtis et al., 2018",0.1657,False,0.16566584867075665,False,False,False,False,False,False,False,6.25,62.5,False,True,True,Simple sugars/starch,Mixed culture,Generic / Semi-continuous,Semi-continuous,6.25,62.5
Food wastes,Mixed culture (WWTP sludge),,5.5, ,13.13,mL H₂/g VS,mL H₂/g VS ÷ 1000 → dm³ H₂/g VS,Group A,"Łukajtis et al., 2018",0.01313,False,0.013130000000000001,False,False,False,False,False,False,False,5.5,,False,False,True,Food/kitchen waste,Sewage/WWTP sludge,Generic / Unspecified,Unspecified,5.5,
Glucose,Enterobacter cloacae,Batch,6, ,2.2,mol H₂/mol glucose,mol H₂/mol glucose × 22.414 ÷ 180.16 → dm³ H₂/g,Group B,"Sun et al., 2014",0.2737,False,0.27370559502664304,False,False,False,False,False,False,False,6.0,,False,False,True,Simple sugars/starch,Enterobacteriaceae,Generic / Batch,Batch,6.0,
Glucose,Mixed culture (compost),Batch,5.6,60,2.1,mol H₂/mol glucose,mol H₂/mol glucose × 22.414 ÷ 180.16 → dm³ H₂/g,Group B,"Morimoto et al., 2003",0.2613,False,0.26126443161634105,False,False,False,False,False,False,False,5.6,60.0,False,False,True,Simple sugars/starch,Compost,Generic / Batch,Batch,5.6,60.0
Glucose,Clostridia sp.,CSTR/Continuous,5.7,35,1.7,mol H₂/mol glucose,mol H₂/mol glucose × 22.414 ÷ 180.16 → dm³ H₂/g,Group B,"Lin & Chang, 2003",0.2115,False,0.21149977797513322,False,False,False,False,False,False,False,5.7,35.0,False,False,True,Simple sugars/starch,Clostridium spp.,CSTR / Continuous,Continuous,5.7,35.0
Glucose,Mixed culture,CSTR/Continuous,5.5,36,2.1,mol H₂/mol glucose,mol H₂/mol glucose × 22.414 ÷ 180.16 → dm³ H₂/g,Group B,"Fang & Liu, 2002",0.2613,False,0.26126443161634105,False,False,False,False,False,False,False,5.5,36.0,False,False,True,Simple sugars/starch,Mixed culture,CSTR / Continuous,Continuous,5.5,36.0
Glucose,Mixed culture,UASB/Continuous,7,60,2.47,mol H₂/mol glucose,mol H₂/mol glucose × 22.414 ÷ 180.16 → dm³ H₂/g,Group B,"Kotsopoulos et al., 2006",0.3073,False,0.3072967362344583,False,False,False,False,False,False,False,7.0,60.0,False,False,True,Simple sugars/starch,Mixed culture,UASB / Continuous,Continuous,7.0,60.0
Glucose,E. cloacae IIT-BT 08,Batch,6,36,3.0,mol H₂/mol glucose,mol H₂/mol glucose × 22.414 ÷ 180.16 → dm³ H₂/g,Group B,"Jain et al., 2022",0.3732,False,0.37323490230905865,False,False,False,False,False,False,False,6.0,36.0,False,False,True,Simple sugars/starch,Other,Generic / Batch,Batch,6.0,36.0
Glucose,Mixed culture,CSTR/Continuous,6.8,37,1.98,mol H₂/mol glucose,mol H₂/mol glucose × 22.414 ÷ 180.16 → dm³ H₂/g,Group B,"Baeyens et al., 2020",0.2463,False,0.24633503552397873,False,False,False,False,False,False,False,6.8,37.0,False,False,True,Simple sugars/starch,Mixed culture,CSTR / Continuous,Continuous,6.8,37.0
Sucrose,Mixed culture,Batch,5.5,34,5.01,mol H₂/mol sucrose,mol H₂/mol sucrose × 22.414 ÷ 342.30 → dm³ H₂/g,Group B,"Baeyens et al., 2020",0.3281,False,0.3280576687116564,False,False,False,False,False,False,False,5.5,34.0,False,False,True,Simple sugars/starch,Mixed culture,Generic / Batch,Batch,5.5,34.0
Lactose,Clostridium thermolacticum,CSTR/Continuous,5.8,34,0.75,mol H₂/mol lactose,mol H₂/mol lactose × 22.414 ÷ 342.30 → dm³ H₂/g,Group B,"Collet, 2004",0.0491,False,0.04911042944785276,False,False,False,False,False,False,False,5.8,34.0,False,False,True,Simple sugars/starch,Thermophilic pure culture,CSTR / Continuous,Continuous,5.8,34.0
Lactose,C. thermolacticum (thermophilic),Continuous,7,58,1.5,mol H₂/mol lactose,mol H₂/mol lactose × 22.414 ÷ 342.30 → dm³ H₂/g,Group B,"Collet, 2004",0.0982,False,0.09822085889570552,False,False,False,False,False,False,False,7.0,58.0,False,False,True,Simple sugars/starch,Thermophilic pure culture,Generic / Continuous,Continuous,7.0,58.0
L-Arabinose,E. cloacae IIT-BT 08,Batch,6,36,1.5,mol H₂/mol glucose (C5 equiv.),mol H₂/mol C5 pentose × 22.414 ÷ 150.13 → dm³ H₂/g,Group B,"Bundhoo et al., 2015",0.2239,False,0.2239459135415973,False,False,False,False,False,False,False,6.0,36.0,False,False,True,Simple sugars/starch,Other,Generic / Batch,Batch,6.0,36.0
Kitchen waste,Mixed culture,Batch,5.5,37,76.0,mL H₂/g VS,mL H₂/g VS ÷ 1000 → dm³ H₂/g VS,Group A,"Slezak et al., 2017",0.076,False,0.076,False,False,False,False,False,False,False,5.5,37.0,False,False,True,Food/kitchen waste,Mixed culture,Generic / Batch,Batch,5.5,37.0
Municipal solid waste,Mixed culture,CSTR/Semi-continuous,5.7,55,52.0,cm³ H₂/g VS,cm³ H₂/g VS ÷ 1000 → dm³ H₂/g VS,Group A,"Zahedi et al., 2012",0.052,False,0.052,False,False,False,False,False,False,False,5.7,55.0,False,False,True,Municipal solid waste,Mixed culture,CSTR / Semi-continuous,Semi-continuous,5.7,55.0
Organic municipal + slaughterhouse waste,Mesophilic anaerobic sludge,Erlenmeyer/Batch,6,60–37,71.3,mL H₂/g VS,mL H₂/g VS ÷ 1000 → dm³ H₂/g VS,Group A,"Gómez et al., 2006",0.0713,False,0.0713,False,False,False,False,False,False,False,6.0,48.5,False,True,True,Other,Anaerobic sludge,Flask / Batch,Batch,6.0,48.5
Kitchen waste,Anaerobic digester sludge,CSTR/Continuous,5.0–5.5,55,66.0,mL H₂/g VS,mL H₂/g VS ÷ 1000 → dm³ H₂/g VS,Group A,"Chu et al., 2012",0.066,False,0.066,False,False,False,False,False,False,False,5.25,55.0,True,False,True,Food/kitchen waste,Digester sludge,CSTR / Continuous,Continuous,5.25,55.0
Synthetic food waste,Anaerobic sludge (UASB cassava),Two-stage/Batch,6,37,57.0,mL H₂/g VS,mL H₂/g VS ÷ 1000 → dm³ H₂/g VS,Group A,"Nathao et al., 2013",0.057,False,0.057,False,False,False,False,False,False,False,6.0,37.0,False,False,True,Food/kitchen waste,Anaerobic sludge,Generic / Batch,Batch,6.0,37.0
Food waste,Anaerobic sludge,Batch,6.6,53,57.0,mL H₂/g VS,mL H₂/g VS ÷ 1000 → dm³ H₂/g VS,Group A,"Pan et al., 2008",0.057,False,0.057,False,False,False,False,False,False,False,6.6,53.0,False,False,True,Food/kitchen waste,Anaerobic sludge,Generic / Batch,Batch,6.6,53.0
Food waste,Anaerobic sludge,Batch,5.7,35,39.0,mL H₂/g VS,mL H₂/g VS ÷ 1000 → dm³ H₂/g VS,Group A,"Pan et al., 2008",0.039,False,0.039,False,False,False,False,False,False,False,5.7,35.0,False,False,True,Food/kitchen waste,Anaerobic sludge,Generic / Batch,Batch,5.7,35.0
Cheese whey,Mixed culture (UASB),UASB/Batch,4.5,36,9.2,mmol H₂/g COD,"mmol H₂/g COD × 22.414 ÷ 1000 → dm³ H₂/g COD (COD ≈ VS, approximate)",Group A,"Azbar et al., 2009",0.206209,False,0.2062088,False,False,False,False,False,False,False,4.5,36.0,False,False,True,Industrial wastewater,Mixed culture,UASB / Batch,Batch,4.5,36.0
Cheese whey,Mixed culture (UASB),UASB/Batch,7.5,55,8.1,mmol H₂/g COD,"mmol H₂/g COD × 22.414 ÷ 1000 → dm³ H₂/g COD (COD ≈ VS, approximate)",Group A,"Azbar et al., 2009",0.181553,False,0.1815534,False,False,False,False,False,False,False,7.5,55.0,False,False,True,Industrial wastewater,Mixed culture,UASB / Batch,Batch,7.5,55.0
Cheese whey,Mixed culture (UASB granules),UASB/Continuous,5.5,35,9.2,mmol H₂/g COD,"mmol H₂/g COD × 22.414 ÷ 1000 → dm³ H₂/g COD (COD ≈ VS, approximate)",Group A,"Azbar et al., 2009",0.206209,False,0.2062088,False,False,False,False,False,False,False,5.5,35.0,False,False,True,Industrial wastewater,Granular sludge,UASB / Continuous,Continuous,5.5,35.0
Crude glycerol,Enterobacter aerogenes HU-101,Packed Bed/Continuous,6.8,37,1.12,mol H₂/mol glycerol,mol H₂/mol glycerol × 22.414 ÷ 92.09 → dm³ H₂/g,Group B,"Ito et al., 2005",0.2726,False,0.2725994136171137,False,False,False,False,False,False,False,6.8,37.0,False,False,True,Glycerol/biodiesel,Enterobacteriaceae,Packed bed / Continuous,Continuous,6.8,37.0
Byproduct of biodiesel (sunflower),Mixed culture (anaerobic digester),UFAB/Continuous,6.8,35,0.52,mol H₂/mol glycerol,mol H₂/mol glycerol × 22.414 ÷ 92.09 → dm³ H₂/g,Group B,"Dounavis et al., 2015",0.1266,False,0.1265640134650885,False,False,False,False,False,False,False,6.8,35.0,False,False,True,Glycerol/biodiesel,Digester sludge,Generic / Continuous,Continuous,6.8,35.0
Citric acid wastewater,Clostridium spp.,UASB/Continuous,7,38,0.84,mol H₂/mol hexose,mol H₂/mol hexose × 22.414 ÷ 180.16 → dm³ H₂/g (complex wastewater; hexose basis),Group C,"Yang et al., 2006",0.1045,False,0.10450577264653642,False,False,False,False,False,False,False,7.0,38.0,False,False,True,Industrial wastewater,Clostridium spp.,UASB / Continuous,Continuous,7.0,38.0
Rice straw,Heat-treated sludge (WWTP),CSTR/Batch,6.5,55,24.8,mL H₂/g VS,mL H₂/g VS ÷ 1000 → dm³ H₂/g VS,Group A,"Chen et al., 2012",0.0248,False,0.0248,False,False,False,False,False,False,False,6.5,55.0,False,False,True,Lignocellulosic,Sewage/WWTP sludge,CSTR / Batch,Batch,6.5,55.0
Corn stover,Mixed culture,Batch,7,35,1.02,mL H₂/g VS,mL H₂/g VS ÷ 1000 → dm³ H₂/g VS,Group A,"Rydén & Lyngfelt, 2006",0.00102,False,0.00102,False,False,False,False,False,False,False,7.0,35.0,False,False,True,Lignocellulosic,Mixed culture,Generic / Batch,Batch,7.0,35.0
Wheat straw,Clostridium pasteurianum,Batch,7.5,70,0.98,mL H₂/g VS,mL H₂/g VS ÷ 1000 → dm³ H₂/g VS,Group A,"Zhi & Wang, 2014",0.00098,False,0.00098,False,False,False,False,False,False,False,7.5,70.0,False,False,True,Lignocellulosic,Clostridium spp.,Generic / Batch,Batch,7.5,70.0
Palm oil mill effluent,Clostridium,Batch serum bottle,7.5,35,0.96,mol H₂/mol sugar,mol H₂/mol hexose × 22.414 ÷ 180.16 → dm³ H₂/g (complex wastewater; hexose basis),Group C,"Gonzales et al., 2016",0.1194,False,0.11943516873889876,False,False,False,False,False,False,False,7.5,35.0,False,False,True,Industrial wastewater,Clostridium spp.,Flask / Batch,Batch,7.5,35.0
Rice husk,Clostridium,Batch serum bottle,7,35,1.25,mol H₂/mol sugar,mol H₂/mol hexose × 22.414 ÷ 180.16 → dm³ H₂/g (complex wastewater; hexose basis),Group C,"Gonzales et al., 2016",0.1555,False,0.15551454262877443,False,False,False,False,False,False,False,7.0,35.0,False,False,True,Lignocellulosic,Clostridium spp.,Flask / Batch,Batch,7.0,35.0
Pine tree wood,Clostridium,Batch serum bottle,7.5,35,0.99,mol H₂/mol sugar,mol H₂/mol hexose × 22.414 ÷ 180.16 → dm³ H₂/g (complex wastewater; hexose basis),Group C,"Gonzales et al., 2016",0.1232,False,0.12316751776198936,False,False,False,False,False,False,False,7.5,35.0,False,False,True,Lignocellulosic,Clostridium spp.,Flask / Batch,Batch,7.5,35.0
Cellulose,Thermoanaerobacterium thermosaccharolyticum,Batch,7.5,80,2.2,mol H₂/mol glucose,mol H₂/mol glucose × 22.414 ÷ 180.16 → dm³ H₂/g. NOTE: 2.2 mol/mol is within physical range (<4 mol/mol Thauer limit); original v33 dataset had erroneous value of 12.2  corrected to 2.2 per Nguyen et al. (2008).,Group B,"Nguyen et al., 2008",0.2737,False,0.27370559502664304,False,False,False,False,False,False,False,7.5,80.0,False,False,True,Lignocellulosic,Thermophilic pure culture,Generic / Batch,Batch,7.5,80.0
Sweet sorghum bagasse (NaOH-pretreated),Caldicellulosiruptor saccharolyticus,Stirred batch bioreactor,~6.8,72,2.6,mol H₂/mol C6 sugar,mol H₂/mol C6 sugar × 22.414 ÷ 180.16 → dm³ H₂/g,Group B,"Panagiotopoulos et al., 2010",0.3235,False,0.32347024866785085,False,False,False,False,False,False,False,6.8,72.0,True,False,True,Lignocellulosic,Thermophilic pure culture,Stirred tank / Batch,Batch,6.8,72.0
Sweet sorghum bagasse (steam-exploded),Caldicellulosiruptor saccharolyticus,Stirred batch bioreactor,~6.8,72,1.3,mol H₂/mol C6 sugar,mol H₂/mol C6 sugar × 22.414 ÷ 180.16 → dm³ H₂/g,Group B,"Panagiotopoulos et al., 2010",0.1617,False,0.16173512433392542,False,False,False,False,False,False,False,6.8,72.0,True,False,True,Lignocellulosic,Thermophilic pure culture,Stirred tank / Batch,Batch,6.8,72.0
Glucose,Caldicellulosiruptor saccharolyticus,Stirred batch bioreactor,~6.8,72,3.2,mol H₂/mol C6 sugar,mol H₂/mol C6 sugar × 22.414 ÷ 180.16 → dm³ H₂/g,Group B,"Panagiotopoulos et al., 2010",0.3981,False,0.3981172291296625,False,False,False,False,False,False,False,6.8,72.0,True,False,True,Simple sugars/starch,Thermophilic pure culture,Stirred tank / Batch,Batch,6.8,72.0
D-Xylose,Caldicellulosiruptor saccharolyticus,Stirred batch bioreactor,~6.8,72,2.8,mol H₂/mol C6 sugar,mol H₂/mol C6 sugar × 22.414 ÷ 180.16 → dm³ H₂/g,Group B,"Panagiotopoulos et al., 2010",0.3484,False,0.3483525754884547,False,False,False,False,True,False,False,6.8,72.0,True,False,True,Simple sugars/starch,Thermophilic pure culture,Stirred tank / Batch,Batch,6.8,72.0
Glucose,Beach sludge (Tianjin),Batch,7.2,37,0.2,mol H₂/mol glucose,mol H₂/mol glucose × 22.414 ÷ 180.16 → dm³ H₂/g,Group B,"Liu et al., 2009",0.0249,False,0.024882326820603907,False,False,False,False,False,False,False,7.2,37.0,False,False,True,Simple sugars/starch,Anaerobic sludge,Generic / Batch,Batch,7.2,37.0
Sucrose,Marine mixed microflora,Batch,7.4,37,0.11,mol H₂/mol sucrose,mol H₂/mol sucrose × 22.414 ÷ 342.30 → dm³ H₂/g,Group B,"Cai et al., 2009",0.0072,False,0.007202862985685073,False,False,False,False,False,False,False,7.4,37.0,False,False,True,Simple sugars/starch,Mixed culture,Generic / Batch,Batch,7.4,37.0
Glucose,Anaerobic inoculum (ethanol facility),Batch,7.5,37,0.45,mol H₂/mol glucose,mol H₂/mol glucose × 22.414 ÷ 180.16 → dm³ H₂/g,Group B,"Chaganti et al., 2012",0.056,False,0.055985235346358804,False,False,False,False,False,False,False,7.5,37.0,False,False,True,Simple sugars/starch,Other,Generic / Batch,Batch,7.5,37.0
Glucose,Digested sludge (WWTP),Batch,7.6,44,1.76,mol H₂/mol glucose,mol H₂/mol glucose × 22.414 ÷ 180.16 → dm³ H₂/g,Group B,"Wang & Wan, 2008",0.219,False,0.2189644760213144,False,False,False,False,False,False,False,7.6,44.0,False,False,True,Simple sugars/starch,Digester sludge,Generic / Batch,Batch,7.6,44.0
Sucrose,Mixed cultures (WWTP sludge),Batch,5.6,60,0.43,mol H₂/mol sucrose,mol H₂/mol sucrose × 22.414 ÷ 342.30 → dm³ H₂/g,Group B,"Zhu & Beland, 2006",0.0282,False,0.02815664621676892,False,False,False,False,False,False,False,5.6,60.0,False,False,True,Simple sugars/starch,Sewage/WWTP sludge,Generic / Batch,Batch,5.6,60.0
Glucose,Anaerobic cultures (industrial+municipal WWTP),Batch,5.7,60,0.45,mol H₂/mol glucose,mol H₂/mol glucose × 22.414 ÷ 180.16 → dm³ H₂/g,Group B,"Pendyala et al., 2012",0.056,False,0.055985235346358804,False,False,False,False,False,False,False,5.7,60.0,False,False,True,Simple sugars/starch,Sewage/WWTP sludge,Generic / Batch,Batch,5.7,60.0
Glucose,Activated sludge (municipal WWTP),Batch,5.8,60,1.82,mol H₂/mol glucose,mol H₂/mol glucose × 22.414 ÷ 180.16 → dm³ H₂/g,Group B,"Chang et al., 2010",0.2264,False,0.22642917406749558,False,False,False,False,False,False,False,5.8,60.0,False,False,True,Simple sugars/starch,Sewage/WWTP sludge,Generic / Batch,Batch,5.8,60.0
Organic waste,Mixed culture,Semi-continuous,6.5,40–80,360.0,mL H₂/g VS,mL H₂/g VS ÷ 1000 → dm³ H₂/g VS,Group A,"Muri et al., 2016",0.36,False,0.36,False,False,False,False,False,False,False,6.5,60.0,False,True,True,Mixed organic waste,Mixed culture,Generic / Semi-continuous,Semi-continuous,6.5,60.0
Grass silage,Mixed culture (cow manure),Fermentor/Batch,6,"35, 55, 70",16.0,mL H₂/g VS,mL H₂/g VS ÷ 1000 → dm³ H₂/g VS,Group A,"Wang & Yin, 2018",0.016,False,0.016,False,False,False,False,False,False,False,6.0,45.0,False,True,True,Lignocellulosic,Mixed culture,Bioreactor / Batch,Batch,6.0,45.0
Sucrose,Mixed culture (municipal sewage sludge),Batch,5.5,,2.35,mol H₂/mol sucrose,mol H₂/mol sucrose × 22.414 ÷ 342.30 → dm³ H₂/g,Group B,"Chen et al., 2007",0.1539,False,0.153879345603272,False,False,False,False,False,False,False,5.5,,False,False,True,Simple sugars/starch,Sewage/WWTP sludge,Generic / Batch,Batch,5.5,
Sucrose,Mixed culture (WWTP sludge),Continuous,6.7,35,1.955,mol H₂/mol sucrose,mol H₂/mol sucrose × 22.414 ÷ 342.30 → dm³ H₂/g,Group B,"Lee et al., 2006",0.128,False,0.12801451942740288,False,False,False,False,False,False,False,6.7,35.0,False,False,True,Simple sugars/starch,Sewage/WWTP sludge,Generic / Continuous,Continuous,6.7,35.0
Glucose,Mixed culture (granular WWTP sludge),CSTR/Continuous,5.5,37,2.7,mol H₂/mol glucose,mol H₂/mol glucose × 22.414 ÷ 180.16 → dm³ H₂/g,Group B,"Tapia-Venegas et al., 2012",0.3359,False,0.3359114120781528,False,False,False,False,False,False,False,5.5,37.0,False,False,True,Simple sugars/starch,Granular sludge,CSTR / Continuous,Continuous,5.5,37.0
Switchgrass steam-exploded liquor,Mixed culture (brewery ww),UASB/Continuous,6,37,2.56,mol H₂/mol hexose equivalent,mol H₂/mol hexose × 22.414 ÷ 180.16 → dm³ H₂/g (complex wastewater; hexose basis),Group C,"Veeravalli et al., 2014",0.3185,False,0.31849378330373,False,False,False,False,False,False,False,6.0,37.0,False,False,True,Lignocellulosic,Mixed culture,UASB / Continuous,Continuous,6.0,37.0
Beverage washing wastewater,Anaerobic sludge,CSTR/Continuous,5.5,37,0.06,mol H₂/mol hexose,mol H₂/mol hexose × 22.414 ÷ 180.16 → dm³ H₂/g (complex wastewater; hexose basis),Group C,"Liu et al., 2015",0.0075,False,0.007464698046181172,False,False,False,False,False,False,False,5.5,37.0,False,False,True,Industrial wastewater,Anaerobic sludge,CSTR / Continuous,Continuous,5.5,37.0
Beverage washing wastewater,Anaerobic sludge,CSTR/Continuous,5.5,37,0.92,mol H₂/mol hexose,mol H₂/mol hexose × 22.414 ÷ 180.16 → dm³ H₂/g (complex wastewater; hexose basis),Group C,"Liu et al., 2015",0.1145,False,0.114458703374778,False,False,False,False,False,False,False,5.5,37.0,False,False,True,Industrial wastewater,Anaerobic sludge,CSTR / Continuous,Continuous,5.5,37.0
Cheese whey,Mixed culture (sugarcane stillage),Fluidized Bed/Continuous,4.5,55,3.67,mol H₂/mol lactose,mol H₂/mol lactose × 22.414 ÷ 342.30 → dm³ H₂/g,Group B,"Ottaviano et al., 2016",0.2403,False,0.24031370143149286,False,False,False,False,False,False,False,4.5,55.0,False,False,True,Industrial wastewater,Mixed culture,Fluidised bed / Continuous,Continuous,4.5,55.0
Cheese whey,Mixed culture (sugarcane stillage),Fluidized Bed/Continuous,4.5,55,2.64,mol H₂/mol lactose,mol H₂/mol lactose × 22.414 ÷ 342.30 → dm³ H₂/g,Group B,"Ottaviano et al., 2016",0.1729,False,0.17286871165644171,False,False,False,False,False,False,False,4.5,55.0,False,False,True,Industrial wastewater,Mixed culture,Fluidised bed / Continuous,Continuous,4.5,55.0
Sewage biosolids,Mixed culture,,12,35,27.0,mL H₂/g VS,mL H₂/g VS ÷ 1000 → dm³ H₂/g VS,Group A,"Massanet-Nicolau et al., 2009",0.027,False,0.027,False,False,False,False,False,False,False,12.0,35.0,False,False,True,Sewage sludge,Mixed culture,Generic / Unspecified,Unspecified,12.0,35.0
Coffee mucilage + organic waste,Mixed culture,Stirred-tank/Batch,6,35,0.0,mol H₂/mol glucose,mol H₂/mol glucose eq. × 22.414 ÷ 180.16 → dm³ H₂/g (complex substrate; glucose MW used as conservative basis),Group C,"Cárdenas et al., 2018",0.0,False,0.0,False,False,False,False,False,False,False,6.0,35.0,False,False,True,Coffee mucilage,Mixed culture,Stirred tank / Batch,Batch,6.0,35.0
Coffee mucilage + organic waste,Mixed culture,Stirred-tank/Batch,5,30,0.02,mol H₂/mol glucose,mol H₂/mol glucose eq. × 22.414 ÷ 180.16 → dm³ H₂/g (complex substrate; glucose MW used as conservative basis),Group C,"Cárdenas et al., 2018",0.0025,False,0.0024882326820603907,False,False,False,False,False,False,False,5.0,30.0,False,False,True,Coffee mucilage,Mixed culture,Stirred tank / Batch,Batch,5.0,30.0
Coffee mucilage + organic waste,Mixed culture,Stirred-tank/Batch,5,40,0.031,mol H₂/mol glucose,mol H₂/mol glucose eq. × 22.414 ÷ 180.16 → dm³ H₂/g (complex substrate; glucose MW used as conservative basis),Group C,"Cárdenas et al., 2018",0.0039,False,0.0038567606571936063,False,False,False,False,False,False,False,5.0,40.0,False,False,True,Coffee mucilage,Mixed culture,Stirred tank / Batch,Batch,5.0,40.0
Coffee mucilage + organic waste,Mixed culture,Stirred-tank/Batch,7,30,0.149,mol H₂/mol glucose,mol H₂/mol glucose eq. × 22.414 ÷ 180.16 → dm³ H₂/g (complex substrate; glucose MW used as conservative basis),Group C,"Cárdenas et al., 2018",0.0185,False,0.01853733348134991,False,False,False,False,False,False,False,7.0,30.0,False,False,True,Coffee mucilage,Mixed culture,Stirred tank / Batch,Batch,7.0,30.0
Coffee mucilage + organic waste,Mixed culture,Stirred-tank/Batch,7,40,0.107,mol H₂/mol glucose,mol H₂/mol glucose eq. × 22.414 ÷ 180.16 → dm³ H₂/g (complex substrate; glucose MW used as conservative basis),Group C,"Cárdenas et al., 2018",0.0133,False,0.013312044849023092,False,False,False,False,False,False,False,7.0,40.0,False,False,True,Coffee mucilage,Mixed culture,Stirred tank / Batch,Batch,7.0,40.0
Coffee mucilage + organic waste,Mixed culture,Stirred-tank/Batch,5,30,0.101,mol H₂/mol glucose,mol H₂/mol glucose eq. × 22.414 ÷ 180.16 → dm³ H₂/g (complex substrate; glucose MW used as conservative basis),Group C,"Cárdenas et al., 2018",0.0126,False,0.012565575044404975,False,False,False,False,False,False,False,5.0,30.0,False,False,True,Coffee mucilage,Mixed culture,Stirred tank / Batch,Batch,5.0,30.0
Coffee mucilage + organic waste,Mixed culture,Stirred-tank/Batch,5,40,0.082,mol H₂/mol glucose,mol H₂/mol glucose eq. × 22.414 ÷ 180.16 → dm³ H₂/g (complex substrate; glucose MW used as conservative basis),Group C,"Cárdenas et al., 2018",0.0102,False,0.010201753996447602,False,False,False,False,False,False,False,5.0,40.0,False,False,True,Coffee mucilage,Mixed culture,Stirred tank / Batch,Batch,5.0,40.0
Coffee mucilage + organic waste,Mixed culture,Stirred-tank/Batch,7,30,0.248,mol H₂/mol glucose,mol H₂/mol glucose eq. × 22.414 ÷ 180.16 → dm³ H₂/g (complex substrate; glucose MW used as conservative basis),Group C,"Cárdenas et al., 2018",0.0309,False,0.03085408525754885,False,False,False,False,False,False,False,7.0,30.0,False,False,True,Coffee mucilage,Mixed culture,Stirred tank / Batch,Batch,7.0,30.0
Coffee mucilage + organic waste,Mixed culture,Stirred-tank/Batch,7,40,0.176,mol H₂/mol glucose,mol H₂/mol glucose eq. × 22.414 ÷ 180.16 → dm³ H₂/g (complex substrate; glucose MW used as conservative basis),Group C,"Cárdenas et al., 2018",0.0219,False,0.021896447602131438,False,False,False,False,False,False,False,7.0,40.0,False,False,True,Coffee mucilage,Mixed culture,Stirred tank / Batch,Batch,7.0,40.0
Coffee mucilage + organic waste,Mixed culture,Stirred-tank/Batch,5,30,0.0,mol H₂/mol glucose,mol H₂/mol glucose eq. × 22.414 ÷ 180.16 → dm³ H₂/g (complex substrate; glucose MW used as conservative basis),Group C,"Cárdenas et al., 2018",0.0,False,0.0,False,False,False,False,False,False,False,5.0,30.0,False,False,True,Coffee mucilage,Mixed culture,Stirred tank / Batch,Batch,5.0,30.0
Coffee mucilage + organic waste,Mixed culture,Stirred-tank/Batch,5,40,0.0,mol H₂/mol glucose,mol H₂/mol glucose eq. × 22.414 ÷ 180.16 → dm³ H₂/g (complex substrate; glucose MW used as conservative basis),Group C,"Cárdenas et al., 2018",0.0,False,0.0,False,False,False,False,False,False,False,5.0,40.0,False,False,True,Coffee mucilage,Mixed culture,Stirred tank / Batch,Batch,5.0,40.0
Coffee mucilage + organic waste,Mixed culture,Stirred-tank/Batch,7,30,0.079,mol H₂/mol glucose,mol H₂/mol glucose eq. × 22.414 ÷ 180.16 → dm³ H₂/g (complex substrate; glucose MW used as conservative basis),Group C,"Cárdenas et al., 2018",0.0098,False,0.009828519094138545,False,False,False,False,False,False,False,7.0,30.0,False,False,True,Coffee mucilage,Mixed culture,Stirred tank / Batch,Batch,7.0,30.0
Coffee mucilage + organic waste,Mixed culture,Stirred-tank/Batch,7,40,0.025,mol H₂/mol glucose,mol H₂/mol glucose eq. × 22.414 ÷ 180.16 → dm³ H₂/g (complex substrate; glucose MW used as conservative basis),Group C,"Cárdenas et al., 2018",0.0031,False,0.0031102908525754884,False,False,False,False,False,False,False,7.0,40.0,False,False,True,Coffee mucilage,Mixed culture,Stirred tank / Batch,Batch,7.0,40.0
Coffee mucilage + organic waste,Mixed culture,Stirred-tank/Batch,5,30,0.109,mol H₂/mol glucose,mol H₂/mol glucose eq. × 22.414 ÷ 180.16 → dm³ H₂/g (complex substrate; glucose MW used as conservative basis),Group C,"Cárdenas et al., 2018",0.0136,False,0.013560868117229131,False,False,False,False,False,False,False,5.0,30.0,False,False,True,Coffee mucilage,Mixed culture,Stirred tank / Batch,Batch,5.0,30.0
Coffee mucilage + organic waste,Mixed culture,Stirred-tank/Batch,5,40,0.067,mol H₂/mol glucose,mol H₂/mol glucose eq. × 22.414 ÷ 180.16 → dm³ H₂/g (complex substrate; glucose MW used as conservative basis),Group C,"Cárdenas et al., 2018",0.0083,False,0.00833557948490231,False,False,False,False,False,False,False,5.0,40.0,False,False,True,Coffee mucilage,Mixed culture,Stirred tank / Batch,Batch,5.0,40.0
Coffee mucilage + organic waste,Mixed culture,Stirred-tank/Batch,7,30,0.082,mol H₂/mol glucose,mol H₂/mol glucose eq. × 22.414 ÷ 180.16 → dm³ H₂/g (complex substrate; glucose MW used as conservative basis),Group C,"Cárdenas et al., 2018",0.0102,False,0.010201753996447602,False,False,False,False,False,False,False,7.0,30.0,False,False,True,Coffee mucilage,Mixed culture,Stirred tank / Batch,Batch,7.0,30.0
Coffee mucilage + organic waste,Mixed culture,Stirred-tank/Batch,7,40,0.065,mol H₂/mol glucose,mol H₂/mol glucose eq. × 22.414 ÷ 180.16 → dm³ H₂/g (complex substrate; glucose MW used as conservative basis),Group C,"Cárdenas et al., 2018",0.0081,False,0.00808675621669627,False,False,False,False,False,False,False,7.0,40.0,False,False,True,Coffee mucilage,Mixed culture,Stirred tank / Batch,Batch,7.0,40.0
Coffee mucilage + organic waste,Mixed culture,Stirred-tank/Batch,7,30,0.0,mol H₂/mol glucose,mol H₂/mol glucose eq. × 22.414 ÷ 180.16 → dm³ H₂/g (complex substrate; glucose MW used as conservative basis),Group C,"Cárdenas et al., 2018",0.0,False,0.0,False,False,False,False,False,False,False,7.0,30.0,False,False,True,Coffee mucilage,Mixed culture,Stirred tank / Batch,Batch,7.0,30.0
Coffee mucilage + organic waste,Mixed culture,Stirred-tank/Batch,7,40,0.0,mol H₂/mol glucose,mol H₂/mol glucose eq. × 22.414 ÷ 180.16 → dm³ H₂/g (complex substrate; glucose MW used as conservative basis),Group C,"Cárdenas et al., 2018",0.0,False,0.0,False,False,False,False,False,False,False,7.0,40.0,False,False,True,Coffee mucilage,Mixed culture,Stirred tank / Batch,Batch,7.0,40.0
Coffee mucilage + organic waste,Mixed culture,Stirred-tank/Batch,7,30,0.018,mol H₂/mol glucose,mol H₂/mol glucose eq. × 22.414 ÷ 180.16 → dm³ H₂/g (complex substrate; glucose MW used as conservative basis),Group C,"Cárdenas et al., 2018",0.0022,False,0.0022394094138543518,False,False,False,False,False,False,False,7.0,30.0,False,False,True,Coffee mucilage,Mixed culture,Stirred tank / Batch,Batch,7.0,30.0
Coffee mucilage + organic waste,Mixed culture,Stirred-tank/Batch,7,40,0.029,mol H₂/mol glucose,mol H₂/mol glucose eq. × 22.414 ÷ 180.16 → dm³ H₂/g (complex substrate; glucose MW used as conservative basis),Group C,"Cárdenas et al., 2018",0.0036,False,0.0036079373889875673,False,False,False,False,False,False,False,7.0,40.0,False,False,True,Coffee mucilage,Mixed culture,Stirred tank / Batch,Batch,7.0,40.0
Coffee mucilage + organic waste,Mixed culture,Stirred-tank/Batch,6.5,35,0.004,mol H₂/mol glucose,mol H₂/mol glucose eq. × 22.414 ÷ 180.16 → dm³ H₂/g (complex substrate; glucose MW used as conservative basis),Group C,"Cárdenas et al., 2018",0.0005,False,0.0004976465364120782,False,False,False,False,False,False,False,6.5,35.0,False,False,True,Coffee mucilage,Mixed culture,Stirred tank / Batch,Batch,6.5,35.0
Food waste,Lactobacillus + Clostridium s.s. 1,Batch,5.5,37,4.85,mL H₂/g VS,mL H₂/g VS ÷ 1000 → dm³ H₂/g VS,Group A,"Akhbari & Ibrahim, 2022",0.00485,False,0.004849999999999999,False,False,False,False,False,False,False,5.5,37.0,False,False,True,Food/kitchen waste,Lactobacillus co-culture,Generic / Batch,Batch,5.5,37.0
Food waste,Lactobacillus + Clostridium s.s. 1,Batch,5.5,37,24.76,mL H₂/g VS,mL H₂/g VS ÷ 1000 → dm³ H₂/g VS,Group A,"Akhbari & Ibrahim, 2022",0.02476,False,0.02476,False,False,False,False,False,False,False,5.5,37.0,False,False,True,Food/kitchen waste,Lactobacillus co-culture,Generic / Batch,Batch,5.5,37.0
Food waste,Lactobacillus + Clostridium s.s. 1,Batch,5.5,37,12.38,mL H₂/g VS,mL H₂/g VS ÷ 1000 → dm³ H₂/g VS,Group A,"Akhbari & Ibrahim, 2022",0.01238,False,0.01238,False,False,False,False,False,False,False,5.5,37.0,False,False,True,Food/kitchen waste,Lactobacillus co-culture,Generic / Batch,Batch,5.5,37.0
Food waste,Lactobacillus + Clostridium s.s. 1,Batch,5.5,37,9.71,mL H₂/g VS,mL H₂/g VS ÷ 1000 → dm³ H₂/g VS,Group A,"Akhbari & Ibrahim, 2022",0.00971,False,0.009710000000000002,False,False,False,False,False,False,False,5.5,37.0,False,False,True,Food/kitchen waste,Lactobacillus co-culture,Generic / Batch,Batch,5.5,37.0
Food waste,Lactobacillus + Clostridium s.s. 1,Batch,5.5,37,10.12,mL H₂/g VS,mL H₂/g VS ÷ 1000 → dm³ H₂/g VS,Group A,"Akhbari & Ibrahim, 2022",0.01012,False,0.010119999999999999,False,False,False,False,False,False,False,5.5,37.0,False,False,True,Food/kitchen waste,Lactobacillus co-culture,Generic / Batch,Batch,5.5,37.0
Food waste,Lactobacillus + Clostridium s.s. 1,Batch,6,37,7.74,mL H₂/g VS,mL H₂/g VS ÷ 1000 → dm³ H₂/g VS,Group A,"Akhbari & Ibrahim, 2022",0.00774,False,0.00774,False,False,False,False,False,False,False,6.0,37.0,False,False,True,Food/kitchen waste,Lactobacillus co-culture,Generic / Batch,Batch,6.0,37.0
Food waste,Lactobacillus + Clostridium s.s. 1,Batch,6,37,18.21,mL H₂/g VS,mL H₂/g VS ÷ 1000 → dm³ H₂/g VS,Group A,"Akhbari & Ibrahim, 2022",0.01821,False,0.01821,False,False,False,False,False,False,False,6.0,37.0,False,False,True,Food/kitchen waste,Lactobacillus co-culture,Generic / Batch,Batch,6.0,37.0
Food waste,Lactobacillus + Clostridium s.s. 1,Semi-continuous,6.5,37,52.0,mL H₂/g VS,mL H₂/g VS ÷ 1000 → dm³ H₂/g VS,Group A,"Akhbari & Ibrahim, 2022",0.052,False,0.052,False,False,False,False,False,False,False,6.5,37.0,False,False,True,Food/kitchen waste,Lactobacillus co-culture,Generic / Semi-continuous,Semi-continuous,6.5,37.0
Food waste,Lactobacillus + Clostridium s.s. 1,Batch,6,37,320.0,mL H₂/g VS,mL H₂/g VS ÷ 1000 → dm³ H₂/g VS,Group A,"Akhbari & Ibrahim, 2022",0.32,False,0.32,False,False,False,False,False,False,False,6.0,37.0,False,False,True,Food/kitchen waste,Lactobacillus co-culture,Generic / Batch,Batch,6.0,37.0
Food waste,Clostridium sensu stricto 1,,5.5,55,129.2,mL H₂/g VS,mL H₂/g VS ÷ 1000 → dm³ H₂/g VS,Group A,"Akhbari & Ibrahim, 2022",0.1292,False,0.12919999999999998,False,False,False,False,False,False,False,5.5,55.0,False,False,True,Food/kitchen waste,Clostridium spp.,Generic / Unspecified,Unspecified,5.5,55.0
Food waste,Clostridium sensu stricto 1,,4.5,55,61.2,mL H₂/g VS,mL H₂/g VS ÷ 1000 → dm³ H₂/g VS,Group A,"Akhbari & Ibrahim, 2022",0.0612,False,0.061200000000000004,False,False,False,False,False,False,False,4.5,55.0,False,False,True,Food/kitchen waste,Clostridium spp.,Generic / Unspecified,Unspecified,4.5,55.0
Glucose,Enterobacter aerogenes,Batch,6.5,38,1.0,mol H₂/mol substrate,mol H₂/mol glucose × 22.414 ÷ 180.16 → dm³ H₂/g,Group B,"Okonkwo, 2019",0.1244,False,0.12441163410301954,False,False,False,False,False,False,False,6.5,38.0,False,False,True,Simple sugars/starch,Enterobacteriaceae,Generic / Batch,Batch,6.5,38.0
Glucose,Clostridium beijerinckii,Batch,7.2,35,2.8,mol H₂/mol substrate,mol H₂/mol glucose × 22.414 ÷ 180.16 → dm³ H₂/g,Group B,"Okonkwo, 2019",0.3484,False,0.3483525754884547,False,False,False,False,False,False,False,7.2,35.0,False,False,True,Simple sugars/starch,Clostridium spp.,Generic / Batch,Batch,7.2,35.0
Glucose,Clostridium butyricum,Batch,7.2,36,2.3,mol H₂/mol substrate,mol H₂/mol glucose × 22.414 ÷ 180.16 → dm³ H₂/g,Group B,"Okonkwo, 2019",0.2861,False,0.2861467584369449,False,False,False,False,False,False,False,7.2,36.0,False,False,True,Simple sugars/starch,Clostridium spp.,Generic / Batch,Batch,7.2,36.0
Glucose,Caldicellulosiruptor saccharolyticus,Batch,7,70,3.4,mol H₂/mol substrate,mol H₂/mol glucose × 22.414 ÷ 180.16 → dm³ H₂/g,Group B,"Okonkwo, 2019",0.423,False,0.42299955595026645,False,False,False,False,False,False,False,7.0,70.0,False,False,True,Simple sugars/starch,Thermophilic pure culture,Generic / Batch,Batch,7.0,70.0
Cellulose,Thermoanaerobacterium thermosaccharolyticum,Batch,6.8,60,1.9,mol H₂/mol substrate,mol H₂/mol glucose × 22.414 ÷ 180.16 → dm³ H₂/g,Group B,"Okonkwo, 2019",0.2364,False,0.23638210479573715,False,False,False,False,False,False,False,6.8,60.0,False,False,True,Lignocellulosic,Thermophilic pure culture,Generic / Batch,Batch,6.8,60.0
Glucose,Thermoanaerobacterium thermosaccharolyticum,Batch,6.5,60,2.4,mol H₂/mol substrate,mol H₂/mol glucose × 22.414 ÷ 180.16 → dm³ H₂/g,Group B,"Okonkwo, 2019",0.2986,False,0.2985879218472469,False,False,False,False,False,False,False,6.5,60.0,False,False,True,Simple sugars/starch,Thermophilic pure culture,Generic / Batch,Batch,6.5,60.0
Xylose,Thermotoga neapolitana,Batch,6.5,60,2.6,mol H₂/mol substrate,mol H₂/mol C5 pentose × 22.414 ÷ 150.13 → dm³ H₂/g,Group B,"Okonkwo, 2019",0.3882,False,0.3881729168054353,False,False,False,False,False,False,False,6.5,60.0,False,False,True,Simple sugars/starch,Thermophilic pure culture,Generic / Batch,Batch,6.5,60.0
Xylose,Thermotoga neapolitana,Batch,7,75,3.4,mol H₂/mol substrate,mol H₂/mol C5 pentose × 22.414 ÷ 150.13 → dm³ H₂/g,Group B,"Okonkwo, 2019",0.5076,False,0.5076107373609539,False,False,False,False,False,True,False,7.0,75.0,False,False,True,Simple sugars/starch,Thermophilic pure culture,Generic / Batch,Batch,7.0,75.0
Glucose,Thermotoga neapolitana,Batch,7,75,3.5,mol H₂/mol substrate,mol H₂/mol glucose × 22.414 ÷ 180.16 → dm³ H₂/g,Group B,"Okonkwo, 2019",0.4354,False,0.43544071936056844,False,False,False,False,False,False,False,7.0,75.0,False,False,True,Simple sugars/starch,Thermophilic pure culture,Generic / Batch,Batch,7.0,75.0
Cellulose,C. thermocellum + C. thermopalmarium,Batch,7,55,1.36,mol H₂/mol substrate,mol H₂/mol glucose × 22.414 ÷ 180.16 → dm³ H₂/g,Group B,"Okonkwo, 2019",0.1692,False,0.16919982238010658,False,False,False,False,False,False,False,7.0,55.0,False,False,True,Lignocellulosic,Thermophilic pure culture,Generic / Batch,Batch,7.0,55.0
Glucose,C. saccharolyticus + C. kristjanssonii,Continuous,6.7,70,3.7,mol H₂/mol substrate,mol H₂/mol glucose × 22.414 ÷ 180.16 → dm³ H₂/g,Group B,"Okonkwo, 2019",0.4603,False,0.46032304618117237,False,False,False,False,False,False,False,6.7,70.0,False,False,True,Simple sugars/starch,Clostridium spp.,Generic / Continuous,Continuous,6.7,70.0
Xylose,Activated sludge,Continuous,5.5,55,1.2,mol H₂/mol substrate,mol H₂/mol C5 pentose × 22.414 ÷ 150.13 → dm³ H₂/g,Group B,"Okonkwo, 2019",0.1792,False,0.17915673083327785,False,False,False,False,False,False,False,5.5,55.0,False,False,True,Simple sugars/starch,Sewage/WWTP sludge,Generic / Continuous,Continuous,5.5,55.0
Glucose,Activated sludge,Continuous,,35,1.9,mol H₂/mol substrate,mol H₂/mol glucose × 22.414 ÷ 180.16 → dm³ H₂/g,Group B,"Okonkwo, 2019",0.2364,False,0.23638210479573715,False,False,False,False,False,False,False,,35.0,False,False,True,Simple sugars/starch,Sewage/WWTP sludge,Generic / Continuous,Continuous,,35.0
Glucose,Anaerobic granular sludge,Continuous,4.5,35,2.6,mol H₂/mol substrate,mol H₂/mol glucose × 22.414 ÷ 180.16 → dm³ H₂/g,Group B,"Okonkwo, 2019",0.3235,False,0.32347024866785085,False,False,False,False,False,False,False,4.5,35.0,False,False,True,Simple sugars/starch,Granular sludge,Generic / Continuous,Continuous,4.5,35.0
Sucrose,Anaerobic digester sludge,Batch,5.5,60,1.96,mol H₂/mol substrate,mol H₂/mol sucrose × 22.414 ÷ 342.30 → dm³ H₂/g,Group B,"Okonkwo, 2019",0.1283,False,0.12834192229038854,False,False,False,False,False,False,False,5.5,60.0,False,False,True,Simple sugars/starch,Digester sludge,Generic / Batch,Batch,5.5,60.0
OFMSW,Mixed culture (anaerobic digester sludge),CSTR/Continuous,5.2,37,18.2,mL H₂/g VS,mL H₂/g VS ÷ 1000 → dm³ H₂/g VS,Group A,"Martins et al., 2022",0.0182,False,0.0182,False,False,False,False,False,False,False,5.2,37.0,False,False,True,Municipal solid waste,Digester sludge,CSTR / Continuous,Continuous,5.2,37.0
OFMSW,Mixed culture (anaerobic digester sludge),CSTR/Continuous,5,37,8.48,mL H₂/g VS,mL H₂/g VS ÷ 1000 → dm³ H₂/g VS,Group A,"Martins et al., 2022",0.00848,False,0.00848,False,False,False,False,False,False,False,5.0,37.0,False,False,True,Municipal solid waste,Digester sludge,CSTR / Continuous,Continuous,5.0,37.0
OFMSW,Mixed culture (anaerobic digester sludge),CSTR/Continuous,5,37,1.64,mL H₂/g VS,mL H₂/g VS ÷ 1000 → dm³ H₂/g VS,Group A,"Martins et al., 2022",0.00164,False,0.00164,False,False,False,False,False,False,False,5.0,37.0,False,False,True,Municipal solid waste,Digester sludge,CSTR / Continuous,Continuous,5.0,37.0
Glucose,Clostridium acetobutylicum,Batch,7,30,3.14,mol H₂/mol substrate,mol H₂/mol glucose × 22.414 ÷ 180.16 → dm³ H₂/g,Group B,"Ergal et al., 2022",0.3907,False,0.3906525310834814,False,False,False,False,False,False,False,7.0,30.0,False,False,True,Simple sugars/starch,Clostridium spp.,Generic / Batch,Batch,7.0,30.0
Cassava wastewater,Clostridium acetobutylicum,Bioreactor,7,36,2.41,mol H₂/mol substrate,mol H₂/mol glucose eq. × 22.414 ÷ 180.16 → dm³ H₂/g (complex substrate; glucose MW used as conservative basis),Group C,"Ergal et al., 2022",0.2998,False,0.29983203818827714,False,False,False,False,False,False,False,7.0,36.0,False,False,True,Industrial wastewater,Clostridium spp.,Bioreactor / Unspecified,Unspecified,7.0,36.0
Sugarcane molasses,Clostridium acetobutylicum,Fermenter,6.5,30,1.3,mol H₂/mol substrate,mol H₂/mol sucrose × 22.414 ÷ 342.30 → dm³ H₂/g,Group B,"Ergal et al., 2022",0.0851,False,0.08512474437627812,False,False,False,False,False,False,False,6.5,30.0,False,False,True,Simple sugars/starch,Clostridium spp.,Bioreactor / Unspecified,Unspecified,6.5,30.0
Maltose,Enterobacter aerogenes,Flask,6.5,35,2.16,mol H₂/mol substrate,mol H₂/mol sucrose × 22.414 ÷ 342.30 → dm³ H₂/g,Group B,"Ergal et al., 2022",0.1414,False,0.14143803680981595,False,False,False,False,False,False,False,6.5,35.0,False,False,True,Simple sugars/starch,Enterobacteriaceae,Flask / Unspecified,Unspecified,6.5,35.0
Corn starch,Enterobacter aerogenes,Bioreactor,5.5,40,1.8,mol H₂/mol substrate,mol H₂/mol glucose × 22.414 ÷ 180.16 → dm³ H₂/g,Group B,"Ergal et al., 2022",0.2239,False,0.22394094138543522,False,False,False,False,False,False,False,5.5,40.0,False,False,True,Simple sugars/starch,Enterobacteriaceae,Bioreactor / Unspecified,Unspecified,5.5,40.0
Glucose,Enterobacter aerogenes,Bioreactor,uncontrolled,37,1.36,mol H₂/mol substrate,mol H₂/mol glucose × 22.414 ÷ 180.16 → dm³ H₂/g,Group B,"Ergal et al., 2022",0.1692,False,0.16919982238010658,False,False,False,False,False,False,False,,37.0,True,False,True,Simple sugars/starch,Enterobacteriaceae,Bioreactor / Unspecified,Unspecified,,37.0
Glucose,Enterobacter aerogenes,Bioreactor,6.8,30,0.55,mol H₂/mol substrate,mol H₂/mol glucose × 22.414 ÷ 180.16 → dm³ H₂/g,Group B,"Ergal et al., 2022",0.0684,False,0.06842639875666076,False,False,False,False,False,False,False,6.8,30.0,False,False,True,Simple sugars/starch,Enterobacteriaceae,Bioreactor / Unspecified,Unspecified,6.8,30.0
Corn starch,Enterobacter aerogenes,Bioreactor,6.5,39,1.09,mol H₂/mol substrate,mol H₂/mol glucose × 22.414 ÷ 180.16 → dm³ H₂/g,Group B,"Ergal et al., 2022",0.1356,False,0.1356086811722913,False,False,False,False,False,False,False,6.5,39.0,False,False,True,Simple sugars/starch,Enterobacteriaceae,Bioreactor / Unspecified,Unspecified,6.5,39.0
Sweet potato starch,Clostridium butyricum + Enterobacter aerogenes,Stirred reactor,5.25,37,2.4,mol H₂/mol substrate,mol H₂/mol glucose × 22.414 ÷ 180.16 → dm³ H₂/g,Group B,"Ergal et al., 2022",0.2986,False,0.2985879218472469,False,False,False,False,False,False,False,5.25,37.0,False,False,True,Food/kitchen waste,Clostridium spp.,Stirred tank / Unspecified,Unspecified,5.25,37.0
Starch,Clostridium butyricum + C. pasteurianum,Bioreactor,5.3,30,2.32,mol H₂/mol substrate,mol H₂/mol glucose × 22.414 ÷ 180.16 → dm³ H₂/g,Group B,"Ergal et al., 2022",0.2886,False,0.28863499111900537,False,False,False,False,False,False,False,5.3,30.0,False,False,True,Simple sugars/starch,Clostridium spp.,Bioreactor / Unspecified,Unspecified,5.3,30.0
Glucose,Clostridium butyricum + C. pasteurianum,Bioreactor,5.3,30,2.12,mol H₂/mol substrate,mol H₂/mol glucose × 22.414 ÷ 180.16 → dm³ H₂/g,Group B,"Ergal et al., 2022",0.2638,False,0.26375266429840144,False,False,False,False,False,False,False,5.3,30.0,False,False,True,Simple sugars/starch,Clostridium spp.,Bioreactor / Unspecified,Unspecified,5.3,30.0
Glucose,Klebsiella pneumoniae + Citrobacter freundii,Fermenter,6.5,37,2.07,mol H₂/mol substrate,mol H₂/mol glucose × 22.414 ÷ 180.16 → dm³ H₂/g,Group B,"Ergal et al., 2022",0.2575,False,0.25753208259325044,False,False,False,False,False,False,False,6.5,37.0,False,False,True,Simple sugars/starch,Enterobacteriaceae,Bioreactor / Unspecified,Unspecified,6.5,37.0
Glucose,Enterobacter aerogenes + C. acetobutylicum,Stirred tank,6,37,6.18,mol H₂/mol substrate,mol H₂/mol glucose × 22.414 ÷ 180.16 → dm³ H₂/g,Group B,"Ergal et al., 2022",0.7689,False,0.7688638987566607,False,False,False,False,False,True,False,6.0,37.0,False,False,True,Simple sugars/starch,Clostridium spp.,Stirred tank / Unspecified,Unspecified,6.0,37.0
Glucose,Enterobacter aerogenes + C. acetobutylicum,Stirred tank,uncontrolled,37,4.45,mol H₂/mol substrate,mol H₂/mol glucose × 22.414 ÷ 180.16 → dm³ H₂/g,Group B,"Ergal et al., 2022",0.5536,False,0.553631771758437,False,False,False,False,False,True,False,,37.0,True,False,True,Simple sugars/starch,Clostridium spp.,Stirred tank / Unspecified,Unspecified,,37.0
Pig slurry,Thermophilic bacteria,,6,36,7.0,mL H₂/g VS,mL H₂/g VS ÷ 1000 → dm³ H₂/g VS,Group A,"Li et al., 2020",0.007,False,0.007,False,False,False,False,False,False,False,6.0,36.0,False,False,True,Manure/slurry,Thermophilic pure culture,Generic / Unspecified,Unspecified,6.0,36.0
Food waste,Anaerobic sludge,Batch stirred tank,4.5,37,0.97,mol H₂/mol glucose eq.,mol H₂/mol glucose eq. × 22.414 ÷ 180.16 → dm³ H₂/g (complex substrate; glucose MW used as conservative basis),Group C,"Zagklis et al., 2021",0.1207,False,0.12067928507992896,False,False,False,False,False,False,False,4.5,37.0,False,False,True,Food/kitchen waste,Anaerobic sludge,Stirred tank / Batch,Batch,4.5,37.0
Food waste,Anaerobic sludge,Batch stirred tank,6,37,1.33,mol H₂/mol glucose eq.,mol H₂/mol glucose eq. × 22.414 ÷ 180.16 → dm³ H₂/g (complex substrate; glucose MW used as conservative basis),Group C,"Zagklis et al., 2021",0.1655,False,0.165467473357016,False,False,False,False,False,False,False,6.0,37.0,False,False,True,Food/kitchen waste,Anaerobic sludge,Stirred tank / Batch,Batch,6.0,37.0
Food waste,Thermophilic acidogenic culture,Batch,4.5,55,46.3,mL H₂/g VS,mL H₂/g VS ÷ 1000 → dm³ H₂/g VS,Group A,"Gavala et al., 2005",0.0463,False,0.046299999999999994,False,False,False,False,False,False,False,4.5,55.0,False,False,True,Food/kitchen waste,Thermophilic pure culture,Generic / Batch,Batch,4.5,55.0
Food waste + sewage sludge,Anaerobic digester sludge,Batch,5.5,35,122.9,mL H₂/g VS,mL H₂/g VS ÷ 1000 → dm³ H₂/g VS,Group A,"Kim, 2004",0.1229,False,0.12290000000000001,False,False,False,False,False,False,False,5.5,35.0,False,False,True,Food/kitchen waste,Digester sludge,Generic / Batch,Batch,5.5,35.0
OFMSW,Anaerobic digestate,Semicontinuous CSTR,6.4,55,360.0,mL H₂/g VS,mL H₂/g VS ÷ 1000 → dm³ H₂/g VS,Group A,"Valdezvazquez et al., 2004",0.36,False,0.36,False,False,False,False,False,False,False,6.4,55.0,False,False,True,Municipal solid waste,Digester sludge,CSTR / Semi-continuous,Semi-continuous,6.4,55.0
OFMSW,Untreated anaerobic digestate,CSTR/Batch,5.5,37,165.0,mL H₂/g VS,mL H₂/g VS ÷ 1000 → dm³ H₂/g VS,Group A,"Valdezvazquez et al., 2004",0.165,False,0.165,False,False,False,False,False,False,False,5.5,37.0,False,False,True,Municipal solid waste,Digester sludge,CSTR / Batch,Batch,5.5,37.0
OFMSW,Untreated anaerobic digestate,CSTR/Batch,6.4,55,360.0,mL H₂/g VS,mL H₂/g VS ÷ 1000 → dm³ H₂/g VS,Group A,"Valdezvazquez et al., 2004",0.36,False,0.36,False,False,False,False,False,False,False,6.4,55.0,False,False,True,Municipal solid waste,Digester sludge,CSTR / Batch,Batch,6.4,55.0
OFMSW,Non-anaerobic inocula,Packed bed,5.6,38,99.0,mL H₂/g VS,mL H₂/g VS ÷ 1000 → dm³ H₂/g VS,Group A,"Alzate-Gaviria et al., 2007",0.099,False,0.099,False,False,False,False,False,False,False,5.6,38.0,False,False,True,Municipal solid waste,Other,Packed bed / Unspecified,Unspecified,5.6,38.0
Wheat straw,Cow dung compost,Batch,6.5,36,68.1,mL H₂/g VS,mL H₂/g VS ÷ 1000 → dm³ H₂/g VS,Group A,"Fan et al., 2005",0.0681,False,0.0681,False,False,False,False,False,False,False,6.5,36.0,False,False,True,Lignocellulosic,Compost,Generic / Batch,Batch,6.5,36.0
Wheat straw,Cow dung compost,CSTR/Batch,7,36,68.0,mL H₂/g VS,mL H₂/g VS ÷ 1000 → dm³ H₂/g VS,Group A,"Fan et al., 2005",0.068,False,0.068,False,False,False,False,False,False,False,7.0,36.0,False,False,True,Lignocellulosic,Compost,CSTR / Batch,Batch,7.0,36.0
Wheat straw,Cow dung compost,Batch,,36,76.9,mL H₂/g VS,mL H₂/g VS ÷ 1000 → dm³ H₂/g VS,Group A,"Fan et al., 2005",0.0769,False,0.07690000000000001,False,False,False,False,False,False,False,,36.0,False,False,True,Lignocellulosic,Compost,Generic / Batch,Batch,,36.0
Corn stover,Enriched cow dung compost,Batch,6,80,149.69,mL H₂/g VS,mL H₂/g VS ÷ 1000 → dm³ H₂/g VS,Group A,"Zhang et al., 2006",0.14969,False,0.14969,False,False,False,False,False,False,False,6.0,80.0,False,False,True,Lignocellulosic,Compost,Generic / Batch,Batch,6.0,80.0
Corn stalk waste,Enriched cow dung compost,Batch CSTR,7,50,149.69,mL H₂/g VS,mL H₂/g VS ÷ 1000 → dm³ H₂/g VS,Group A,"Zhang et al., 2006",0.14969,False,0.14969,False,False,False,False,False,False,False,7.0,50.0,False,False,True,Lignocellulosic,Compost,CSTR / Batch,Batch,7.0,50.0
Rice slurry,Anaerobic digester sludge,Batch,4.5,37,346.0,mL H₂/g VS,mL H₂/g VS ÷ 1000 → dm³ H₂/g VS,Group A,"Fang et al., 2005",0.346,False,0.346,False,False,False,False,False,False,False,4.5,37.0,False,False,True,Food/kitchen waste,Digester sludge,Generic / Batch,Batch,4.5,37.0
Cheese whey,Adapted anaerobic sludge,Batch,5.5,55,111.0,mL H₂/g VS,mL H₂/g VS ÷ 1000 → dm³ H₂/g VS,Group A,"Kargi et al., 2012",0.111,False,0.111,False,False,False,False,False,False,False,5.5,55.0,False,False,True,Industrial wastewater,Anaerobic sludge,Generic / Batch,Batch,5.5,55.0
Cheese whey,Adapted anaerobic sludge,Batch,7,55,111.0,mL H₂/g VS,mL H₂/g VS ÷ 1000 → dm³ H₂/g VS,Group A,"Kargi et al., 2012",0.111,False,0.111,False,False,False,False,False,False,False,7.0,55.0,False,False,True,Industrial wastewater,Anaerobic sludge,Generic / Batch,Batch,7.0,55.0
Glucose,Enterobacter cloacae IIT-BT08,Batch,6,36,2.2,mol H₂/mol glucose,mol H₂/mol glucose × 22.414 ÷ 180.16 → dm³ H₂/g,Group B,"Kumar & Das, 2000b",0.2737,False,0.27370559502664304,False,False,False,False,False,False,False,6.0,36.0,False,False,True,Simple sugars/starch,Enterobacteriaceae,Generic / Batch,Batch,6.0,36.0
Glucose,Enterobacter cloacae,Batch stirred tank,6,37,1.9,mol H₂/mol glucose,mol H₂/mol glucose × 22.414 ÷ 180.16 → dm³ H₂/g,Group B,"Mandal et al., 2006",0.2364,False,0.23638210479573715,False,False,False,False,False,False,False,6.0,37.0,False,False,True,Simple sugars/starch,Enterobacteriaceae,Stirred tank / Batch,Batch,6.0,37.0
Glucose,Enterobacter cloacae,Batch stirred tank,6,37,3.9,mol H₂/mol glucose,mol H₂/mol glucose × 22.414 ÷ 180.16 → dm³ H₂/g,Group B,"Mandal et al., 2006",0.4852,False,0.48520537300177624,False,False,False,False,False,False,False,6.0,37.0,False,False,True,Simple sugars/starch,Enterobacteriaceae,Stirred tank / Batch,Batch,6.0,37.0
Glucose,Caldicellulosiruptor saccharolyticus DSM8903,Batch,6.9,72,3.4,mol H₂/mol glucose,mol H₂/mol glucose × 22.414 ÷ 180.16 → dm³ H₂/g,Group B,"Mars et al., 2010",0.423,False,0.42299955595026645,False,False,False,False,False,False,False,6.9,72.0,False,False,True,Simple sugars/starch,Thermophilic pure culture,Generic / Batch,Batch,6.9,72.0
Glucose,Thermotoga neapolitana DSM 4349,Batch,6.9,75,2.09,mol H₂/mol glucose,"mol H₂/mol glucose × 22.414 ÷ 180.16 → dm³ H₂/g. NOTE: original entry had typographic error ""2:09""  corrected to 2.09.",Group B,"Mars et al., 2010",0.26,False,0.26002031527531083,False,False,False,False,False,False,False,6.9,75.0,False,False,True,Simple sugars/starch,Thermophilic pure culture,Generic / Batch,Batch,6.9,75.0
Cellulose,C. thermocellum DSM 1237 + C. thermopalmarium DSM 5974,Batch,6.8,55,1.36,mol H₂/mol glucose,mol H₂/mol glucose × 22.414 ÷ 180.16 → dm³ H₂/g,Group B,"Geng et al., 2010",0.1692,False,0.16919982238010658,False,False,False,False,False,False,False,6.8,55.0,False,False,True,Lignocellulosic,Thermophilic pure culture,Generic / Batch,Batch,6.8,55.0
Food waste,Heat shock treated anaerobic sludge,Leaching bed,6.3,35,310.0,mL H₂/g VS,mL H₂/g VS ÷ 1000 → dm³ H₂/g VS,Group A,"Cai et al., 2004b",0.31,False,0.31,False,False,False,False,False,False,False,6.3,35.0,False,False,True,Food/kitchen waste,Anaerobic sludge,Leaching bed / Unspecified,Unspecified,6.3,35.0
Vegetable kitchen waste,Kitchen waste compost,Intermittent CSTR,6,55,38.0,mL H₂/g VS,mL H₂/g VS ÷ 1000 → dm³ H₂/g VS,Group A,"Ghimire et al., 2015",0.038,False,0.038,False,False,False,False,False,False,False,6.0,55.0,False,False,True,Food/kitchen waste,Compost,CSTR / Unspecified,Unspecified,6.0,55.0
Food waste & sewage sludge,Anaerobic digester sludge,Batch,6,35,122.9,mL H₂/g VSS,mL H₂/g VS ÷ 1000 → dm³ H₂/g VS,Group A,"Ghimire et al., 2015",0.1229,False,0.12290000000000001,False,False,False,False,False,False,False,6.0,35.0,False,False,True,Food/kitchen waste,Digester sludge,Generic / Batch,Batch,6.0,35.0
Algae biomass,Anaerobic digester sludge,Batch,6,29,66.0,mL H₂/g VS,mL H₂/g VS ÷ 1000 → dm³ H₂/g VS,Group A,"Ghimire et al., 2015",0.066,False,0.066,False,False,False,False,False,False,False,6.0,29.0,False,False,True,Algal biomass,Digester sludge,Generic / Batch,Batch,6.0,29.0
Potato + pumpkin mixture,BESA-treated anaerobic sludge,Batch,7.4,35,171.1,mL H₂/g VS,mL H₂/g VS ÷ 1000 → dm³ H₂/g VS,Group A,"Ghimire et al., 2015",0.1711,False,0.1711,False,False,False,False,False,False,False,7.4,35.0,False,False,True,Food/kitchen waste,Anaerobic sludge,Generic / Batch,Batch,7.4,35.0
Cassava wastewater,Heat treated UASB sludge,CSTR/Batch,7,60,53.8,mL H₂/g VS,mL H₂/g VS ÷ 1000 → dm³ H₂/g VS,Group A,"Luo et al., 2010",0.0538,False,0.0538,False,False,False,False,False,False,False,7.0,60.0,False,False,True,Industrial wastewater,Anaerobic sludge,CSTR / Batch,Batch,7.0,60.0
Cassava wastewater,Heat treated UASB sludge,CSTR/Batch,5,60,66.3,mL H₂/g VS,mL H₂/g VS ÷ 1000 → dm³ H₂/g VS,Group A,"Luo et al., 2010",0.0663,False,0.0663,False,False,False,False,False,False,False,5.0,60.0,False,False,True,Industrial wastewater,Anaerobic sludge,CSTR / Batch,Batch,5.0,60.0
Cattle wastewater,Mixed culture (various sludges),CSTR/Batch,5.5,45,319.0,mL H₂/g VS,mL H₂/g VS ÷ 1000 → dm³ H₂/g VS,Group A,"Tang et al., 2008",0.319,False,0.319,False,False,False,False,False,False,False,5.5,45.0,False,False,True,Manure/slurry,Anaerobic sludge,CSTR / Batch,Batch,5.5,45.0
Glucose,Mixed culture,CSTR/Batch-fed AnSMBR,6,35,1.1,mol H₂/mol glucose,mol H₂/mol glucose × 22.414 ÷ 180.16 → dm³ H₂/g,Group B,"Trad et al., 2015",0.1369,False,0.13685279751332152,False,False,False,False,False,False,False,6.0,35.0,False,False,True,Simple sugars/starch,Mixed culture,CSTR / Batch,Batch,6.0,35.0
Wheat straw,Mixed culture,AnSMBR (fed-batch/cyclic),6,35,1.1,mol H₂/mol hexose,mol H₂/mol hexose × 22.414 ÷ 180.16 → dm³ H₂/g (complex wastewater; hexose basis),Group C,"Trad et al., 2015",0.1369,False,0.13685279751332152,False,False,False,False,False,False,False,6.0,35.0,False,False,True,Lignocellulosic,Mixed culture,Generic / Batch,Batch,6.0,35.0
Wheat straw,Mixed culture,Batch,6,36,68.1,mL H₂/g substrate,mL H₂/g VS ÷ 1000 → dm³ H₂/g VS,Group A,"Trad et al., 2015",0.0681,False,0.0681,False,False,False,False,False,False,False,6.0,36.0,False,False,True,Lignocellulosic,Mixed culture,Generic / Batch,Batch,6.0,36.0
Food waste (mixed cafeteria),Mixed culture,Membrane/Continuous,5.5,55,63.0,mL H₂/g VS,mL H₂/g VS ÷ 1000 → dm³ H₂/g VS,Group A,"Lee et al., 2014",0.063,False,0.063,False,False,False,False,False,False,False,5.5,55.0,False,False,True,Food/kitchen waste,Mixed culture,Membrane / Continuous,Continuous,5.5,55.0
Food waste (mixed cafeteria),Mixed culture,Membrane/Continuous,5.5,55,74.2,mL H₂/g VS,mL H₂/g VS ÷ 1000 → dm³ H₂/g VS,Group A,"Lee et al., 2014",0.0742,False,0.0742,False,False,False,False,False,False,False,5.5,55.0,False,False,True,Food/kitchen waste,Mixed culture,Membrane / Continuous,Continuous,5.5,55.0
Food waste (mixed cafeteria),Mixed culture,Membrane/Continuous,5.5,55,111.1,mL H₂/g VS,mL H₂/g VS ÷ 1000 → dm³ H₂/g VS,Group A,"Lee et al., 2014",0.1111,False,0.11109999999999999,False,False,False,False,False,False,False,5.5,55.0,False,False,True,Food/kitchen waste,Mixed culture,Membrane / Continuous,Continuous,5.5,55.0
Synthetic wastewater,Mixed culture (seed sludge),Membrane/Continuous,,23,192.76,mL H₂/g VS,mL H₂/g VS ÷ 1000 → dm³ H₂/g VS,Group A,"Shen et al., 2010",0.19276,False,0.19276,False,False,False,False,False,False,False,,23.0,False,False,True,Industrial wastewater,Anaerobic sludge,Membrane / Continuous,Continuous,,23.0
Glucose,Mixed culture (mesophilic),Membrane/Continuous,,35,1.19,mol H₂/mol glucose,mol H₂/mol glucose × 22.414 ÷ 180.16 → dm³ H₂/g,Group B,"Lee et al., 2009",0.148,False,0.14804984458259327,False,False,False,False,False,False,False,,35.0,False,False,True,Simple sugars/starch,Mixed culture,Membrane / Continuous,Continuous,,35.0
Sucrose,Mixed culture,CSTR/Continuous,,35,3.31,mol H₂/mol sucrose,mol H₂/mol sucrose × 22.414 ÷ 342.30 → dm³ H₂/g,Group B,"Han et al., 2014",0.2167,False,0.21674069529652354,False,False,False,False,False,False,False,,35.0,False,False,True,Simple sugars/starch,Mixed culture,CSTR / Continuous,Continuous,,35.0
Wheat starch,Mixed culture (anaerobic sludge),Fed-batch,,35,3.1,mol H₂/mol glucose,mol H₂/mol glucose × 22.414 ÷ 180.16 → dm³ H₂/g,Group B,"Kargi & Pamukoglu, 2009",0.3857,False,0.3856760657193606,False,False,False,False,False,False,False,,35.0,False,False,True,Simple sugars/starch,Anaerobic sludge,Generic / Batch,Batch,,35.0
Food waste,Mixed culture (anaerobic digester sludge),Batch,,55,135.2,mL H₂/g VS,mL H₂/g VS ÷ 1000 → dm³ H₂/g VS,Group A,"Jariyaboon et al., 2023",0.1352,False,0.1352,False,False,False,False,False,False,False,,55.0,False,False,True,Food/kitchen waste,Digester sludge,Generic / Batch,Batch,,55.0
Glucose,Mixed culture (anaerobic digester sludge),Batch,,55,80.6,mL H₂/g VS,mL H₂/g VS ÷ 1000 → dm³ H₂/g VS,Group A,"Jariyaboon et al., 2023",0.0806,False,0.08059999999999999,False,False,False,False,False,False,False,,55.0,False,False,True,Simple sugars/starch,Digester sludge,Generic / Batch,Batch,,55.0
Food waste,Mixed culture (anaerobic digester sludge),CSTR/Continuous,5.3,55,104.9,mL H₂/g VS,mL H₂/g VS ÷ 1000 → dm³ H₂/g VS,Group A,"Jariyaboon et al., 2023",0.1049,False,0.10490000000000001,False,False,False,False,False,False,False,5.3,55.0,False,False,True,Food/kitchen waste,Digester sludge,CSTR / Continuous,Continuous,5.3,55.0
Food waste + sewage sludge,Sewage sludge,ASBR/Continuous,7,35,62.0,mL H₂/g VS,mL H₂/g VS ÷ 1000 → dm³ H₂/g VS,Group A,"Nam et al., 2015",0.062,False,0.062,False,False,False,False,False,False,False,7.0,35.0,False,False,True,Food/kitchen waste,Sewage/WWTP sludge,ASBR / Continuous,Continuous,7.0,35.0
Fruit and vegetable waste,Sewage sludge,Batch,9.2,34,52.1,mL H₂/g VS,mL H₂/g VS ÷ 1000 → dm³ H₂/g VS,Group A,"Di Perta et al., 2022",0.0521,False,0.0521,False,False,False,False,False,False,False,9.2,34.0,False,False,True,Food/kitchen waste,Sewage/WWTP sludge,Generic / Batch,Batch,9.2,34.0
Fruit and vegetable waste,Sewage sludge,Batch,5.5,34,193.0,mL H₂/g VS,mL H₂/g VS ÷ 1000 → dm³ H₂/g VS,Group A,"Di Perta et al., 2022",0.193,False,0.193,False,False,False,False,False,False,False,5.5,34.0,False,False,True,Food/kitchen waste,Sewage/WWTP sludge,Generic / Batch,Batch,5.5,34.0
Fruit and vegetable waste,Sewage sludge,Batch,6,34,174.3,mL H₂/g VS,mL H₂/g VS ÷ 1000 → dm³ H₂/g VS,Group A,"Di Perta et al., 2022",0.1743,False,0.1743,False,False,False,False,False,False,False,6.0,34.0,False,False,True,Food/kitchen waste,Sewage/WWTP sludge,Generic / Batch,Batch,6.0,34.0
Fruit and vegetable waste,Sewage sludge,Batch,6.5,34,158.9,mL H₂/g VS,mL H₂/g VS ÷ 1000 → dm³ H₂/g VS,Group A,"Di Perta et al., 2022",0.1589,False,0.1589,False,False,False,False,False,False,False,6.5,34.0,False,False,True,Food/kitchen waste,Sewage/WWTP sludge,Generic / Batch,Batch,6.5,34.0
Fruit and vegetable waste,Sewage sludge,Batch,7,34,86.7,mL H₂/g VS,mL H₂/g VS ÷ 1000 → dm³ H₂/g VS,Group A,"Di Perta et al., 2022",0.0867,False,0.0867,False,False,False,False,False,False,False,7.0,34.0,False,False,True,Food/kitchen waste,Sewage/WWTP sludge,Generic / Batch,Batch,7.0,34.0
Fruit and vegetable waste,Sewage sludge,Batch,7.5,34,115.1,mL H₂/g VS,mL H₂/g VS ÷ 1000 → dm³ H₂/g VS,Group A,"Di Perta et al., 2022",0.1151,False,0.1151,False,False,False,False,False,False,False,7.5,34.0,False,False,True,Food/kitchen waste,Sewage/WWTP sludge,Generic / Batch,Batch,7.5,34.0
Fruit and vegetable waste,Sewage sludge,Batch,8,34,100.5,mL H₂/g VS,mL H₂/g VS ÷ 1000 → dm³ H₂/g VS,Group A,"Di Perta et al., 2022",0.1005,False,0.1005,False,False,False,False,False,False,False,8.0,34.0,False,False,True,Food/kitchen waste,Sewage/WWTP sludge,Generic / Batch,Batch,8.0,34.0
Fruit and vegetable waste,Sewage sludge,Batch,7.8,34,97.8,mL H₂/g VS,mL H₂/g VS ÷ 1000 → dm³ H₂/g VS,Group A,"Di Perta et al., 2022",0.0978,False,0.0978,False,False,False,False,False,False,False,7.8,34.0,False,False,True,Food/kitchen waste,Sewage/WWTP sludge,Generic / Batch,Batch,7.8,34.0
Fruit and vegetable waste,Sewage sludge,Batch,,34,151.7,mL H₂/g VS,mL H₂/g VS ÷ 1000 → dm³ H₂/g VS,Group A,"Di Perta et al., 2022",0.1517,False,0.1517,False,False,False,False,False,False,False,,34.0,False,False,True,Food/kitchen waste,Sewage/WWTP sludge,Generic / Batch,Batch,,34.0
Fruit and vegetable waste,Sewage sludge,Batch,,34,146.7,mL H₂/g VS,mL H₂/g VS ÷ 1000 → dm³ H₂/g VS,Group A,"Di Perta et al., 2022",0.1467,False,0.1467,False,False,False,False,False,False,False,,34.0,False,False,True,Food/kitchen waste,Sewage/WWTP sludge,Generic / Batch,Batch,,34.0
Fruit and vegetable waste,Sewage sludge,Batch,,34,111.2,mL H₂/g VS,mL H₂/g VS ÷ 1000 → dm³ H₂/g VS,Group A,"Di Perta et al., 2022",0.1112,False,0.11120000000000001,False,False,False,False,False,False,False,,34.0,False,False,True,Food/kitchen waste,Sewage/WWTP sludge,Generic / Batch,Batch,,34.0
Apple,Mixed culture (thermophilic biogas sludge),CSTR/Continuous,5,55,635.0,mL H₂/g VS,mL H₂/g VS ÷ 1000 → dm³ H₂/g VS,Group A,"Akinbomi & Taherzadeh, 2015",0.635,False,0.635,False,False,False,False,False,True,False,5.0,55.0,False,False,True,Food/kitchen waste,Anaerobic sludge,CSTR / Continuous,Continuous,5.0,55.0
Melon,Sewage sludge,CSTR/Continuous,5,55,352.0,mL H₂/g VS,mL H₂/g VS ÷ 1000 → dm³ H₂/g VS,Group A,"Akinbomi & Taherzadeh, 2015",0.352,False,0.352,False,False,False,False,False,False,False,5.0,55.0,False,False,True,Food/kitchen waste,Sewage/WWTP sludge,CSTR / Continuous,Continuous,5.0,55.0
Apple,Sewage sludge,CSTR/Continuous,5,55,440.0,mL H₂/g VS,mL H₂/g VS ÷ 1000 → dm³ H₂/g VS,Group A,"Akinbomi & Taherzadeh, 2015",0.44,False,0.44,False,False,False,False,False,False,False,5.0,55.0,False,False,True,Food/kitchen waste,Sewage/WWTP sludge,CSTR / Continuous,Continuous,5.0,55.0
Grape,Sewage sludge,CSTR/Continuous,5,55,182.0,mL H₂/g VS,mL H₂/g VS ÷ 1000 → dm³ H₂/g VS,Group A,"Akinbomi & Taherzadeh, 2015",0.182,False,0.182,False,False,False,False,False,False,False,5.0,55.0,False,False,True,Food/kitchen waste,Sewage/WWTP sludge,CSTR / Continuous,Continuous,5.0,55.0
Apple + Melon + Grape,Sewage sludge,CSTR/Continuous,5,55,523.0,mL H₂/g VS,mL H₂/g VS ÷ 1000 → dm³ H₂/g VS,Group A,"Akinbomi & Taherzadeh, 2015",0.523,False,0.523,False,False,False,False,False,True,False,5.0,55.0,False,False,True,Food/kitchen waste,Sewage/WWTP sludge,CSTR / Continuous,Continuous,5.0,55.0
Apple + Melon + Grape,Sewage sludge,CSTR/Continuous,5,55,553.0,mL H₂/g VS,mL H₂/g VS ÷ 1000 → dm³ H₂/g VS,Group A,"Akinbomi & Taherzadeh, 2015",0.553,False,0.553,False,False,False,False,False,True,False,5.0,55.0,False,False,True,Food/kitchen waste,Sewage/WWTP sludge,CSTR / Continuous,Continuous,5.0,55.0
Apple + Melon + Grape,Sewage sludge,CSTR/Continuous,5,55,491.0,mL H₂/g VS,mL H₂/g VS ÷ 1000 → dm³ H₂/g VS,Group A,"Akinbomi & Taherzadeh, 2015",0.491,False,0.491,False,False,False,False,False,False,False,5.0,55.0,False,False,True,Food/kitchen waste,Sewage/WWTP sludge,CSTR / Continuous,Continuous,5.0,55.0
Apple,Sewage sludge,CSTR/Continuous,5,55,504.0,mL H₂/g VS,mL H₂/g VS ÷ 1000 → dm³ H₂/g VS,Group A,"Akinbomi & Taherzadeh, 2015",0.504,False,0.504,False,False,False,False,False,True,False,5.0,55.0,False,False,True,Food/kitchen waste,Sewage/WWTP sludge,CSTR / Continuous,Continuous,5.0,55.0
Apple + Melon + Grape,Sewage sludge,CSTR/Continuous,5,55,513.0,mL H₂/g VS,mL H₂/g VS ÷ 1000 → dm³ H₂/g VS,Group A,"Akinbomi & Taherzadeh, 2015",0.513,False,0.513,False,False,False,False,False,True,False,5.0,55.0,False,False,True,Food/kitchen waste,Sewage/WWTP sludge,CSTR / Continuous,Continuous,5.0,55.0
Food waste,Mixed culture (anaerobic digester sludge),Batch,,50,135.0,mL H₂/g VS,mL H₂/g VS ÷ 1000 → dm³ H₂/g VS,Group A,"Derdiche et al., 2025",0.135,False,0.135,True,False,False,False,False,False,False,,50.0,False,False,True,Food/kitchen waste,Digester sludge,Generic / Batch,Batch,,50.0
Food waste,Mixed culture (anaerobic digester sludge),CSTR/Continuous,,50,104.0,mL H₂/g VS,mL H₂/g VS ÷ 1000 → dm³ H₂/g VS,Group A,"Derdiche et al., 2025",0.104,False,0.104,False,False,False,False,False,False,False,,50.0,False,False,True,Food/kitchen waste,Digester sludge,CSTR / Continuous,Continuous,,50.0
Spent coffee grounds,Sewage sludge,Batch,5.5,40,3.85,mL H₂/g VS,mL H₂/g VS ÷ 1000 → dm³ H₂/g VS,Group A,"Derdiche et al., 2025",0.00385,False,0.00385,False,False,False,False,False,False,False,5.5,40.0,False,False,True,Lignocellulosic,Sewage/WWTP sludge,Generic / Batch,Batch,5.5,40.0
Food waste,Mixed culture (WWTP sludge),Stirred-tank/Batch,5.5,55,47.0,mL H₂/g VS,mL H₂/g VS ÷ 1000 → dm³ H₂/g VS,Group A,"Derdiche et al., 2025",0.047,False,0.047,False,False,False,False,False,False,False,5.5,55.0,False,False,True,Food/kitchen waste,Sewage/WWTP sludge,Stirred tank / Batch,Batch,5.5,55.0
Food waste,Mixed culture (anaerobic digestate),Batch, ,37,35.0,mL H₂/g VS,mL H₂/g VS ÷ 1000 → dm³ H₂/g VS,Group A,"Derdiche et al., 2025",0.035,False,0.035,False,False,False,False,False,False,False,,37.0,False,False,True,Food/kitchen waste,Digester sludge,Generic / Batch,Batch,,37.0
Food waste,Mixed culture (anaerobic sludge),Batch,7.5,35,157.25,mL H₂/g VS,mL H₂/g VS ÷ 1000 → dm³ H₂/g VS,Group A,"Albuquerque et al., 2024",0.15725,False,0.15725,False,False,False,False,False,False,False,7.5,35.0,False,False,True,Food/kitchen waste,Anaerobic sludge,Generic / Batch,Batch,7.5,35.0
Food waste,Mixed culture (indigenous),Batch,5.5,37,118.0,mL H₂/g VS,mL H₂/g VS ÷ 1000 → dm³ H₂/g VS,Group A,"Albuquerque et al., 2024",0.118,False,0.118,False,False,False,False,False,False,False,5.5,37.0,False,False,True,Food/kitchen waste,Mixed culture,Generic / Batch,Batch,5.5,37.0
Algal biomass,Mixed culture (anaerobic sludge),Batch,,37,116.3,mL H₂/g VS,mL H₂/g VS ÷ 1000 → dm³ H₂/g VS,Group A,"Albuquerque et al., 2024",0.1163,False,0.1163,False,False,False,False,False,False,False,,37.0,False,False,True,Algal biomass,Anaerobic sludge,Generic / Batch,Batch,,37.0
Algal biomass,Mixed culture (anaerobic sludge),Batch,5.5,35,190.9,mL H₂/g VS,mL H₂/g VS ÷ 1000 → dm³ H₂/g VS,Group A,"Albuquerque et al., 2024",0.1909,False,0.19090000000000001,False,False,False,False,False,False,False,5.5,35.0,False,False,True,Algal biomass,Anaerobic sludge,Generic / Batch,Batch,5.5,35.0
Algal biomass,Thermococcus eurythermalis,Batch,,85,192.35,mL H₂/g VS,mL H₂/g VS ÷ 1000 → dm³ H₂/g VS,Group A,"Albuquerque et al., 2024",0.19235,False,0.19235,False,False,False,False,False,False,False,,85.0,False,False,True,Algal biomass,Thermophilic pure culture,Generic / Batch,Batch,,85.0
Algal biomass,Thermococcus eurythermalis,Batch,,85,183.02,mL H₂/g VS,mL H₂/g VS ÷ 1000 → dm³ H₂/g VS,Group A,"Albuquerque et al., 2024",0.18302,False,0.18302000000000002,False,False,False,False,False,False,False,,85.0,False,False,True,Algal biomass,Thermophilic pure culture,Generic / Batch,Batch,,85.0
Algal biomass,Clostridium butyricum,Batch,,37,113.1,mL H₂/g VS,mL H₂/g VS ÷ 1000 → dm³ H₂/g VS,Group A,"Albuquerque et al., 2024",0.1131,False,0.11309999999999999,False,False,False,False,False,False,False,,37.0,False,False,True,Algal biomass,Clostridium spp.,Generic / Batch,Batch,,37.0
Algal biomass,Enterobacter aerogenes,Batch,,30,57.6,mL H₂/g VS,mL H₂/g VS ÷ 1000 → dm³ H₂/g VS,Group A,"Albuquerque et al., 2024",0.0576,False,0.0576,False,False,False,False,False,False,False,,30.0,False,False,True,Algal biomass,Enterobacteriaceae,Generic / Batch,Batch,,30.0
Cattle manure,Cow dung compost,Batch,5,36,31.5,mL H₂/g VS,mL H₂/g VS ÷ 1000 → dm³ H₂/g VS,Group A,"Albuquerque et al., 2024",0.0315,False,0.0315,False,False,False,False,False,False,False,5.0,36.0,False,False,True,Manure/slurry,Compost,Generic / Batch,Batch,5.0,36.0
Cattle manure,Mixed culture (anaerobic sludge),Batch,,,44.59,mL H₂/g VS,mL H₂/g VS ÷ 1000 → dm³ H₂/g VS,Group A,"Albuquerque et al., 2024",0.04459,False,0.044590000000000005,False,False,False,False,False,False,False,,,False,False,True,Manure/slurry,Anaerobic sludge,Generic / Batch,Batch,,
Vinasse and Nejayote,Mixed culture (anaerobic digestate),Batch,5.5,35,115.0,mL H₂/g VS,mL H₂/g VS ÷ 1000 → dm³ H₂/g VS,Group A,"Albuquerque et al., 2024",0.115,False,0.115,False,False,False,False,False,False,False,5.5,35.0,False,False,True,Industrial wastewater,Digester sludge,Generic / Batch,Batch,5.5,35.0
Food waste,Sewage sludge,CSTR/Continuous,4.9,35,8.2,mL H₂/g VS,mL H₂/g VS ÷ 1000 → dm³ H₂/g VS,Group A,"Kontodimos et al., 2025",0.0082,False,0.008199999999999999,False,False,False,False,False,False,False,4.9,35.0,False,False,True,Food/kitchen waste,Sewage/WWTP sludge,CSTR / Continuous,Continuous,4.9,35.0
Food waste,Sewage sludge,CSTR/Continuous,5.6,35,6.1,mL H₂/g VS,mL H₂/g VS ÷ 1000 → dm³ H₂/g VS,Group A,"Kontodimos et al., 2025",0.0061,False,0.0060999999999999995,False,False,False,False,False,False,False,5.6,35.0,False,False,True,Food/kitchen waste,Sewage/WWTP sludge,CSTR / Continuous,Continuous,5.6,35.0
