model,protocol,augmented,seed,r2,rmse,mae,n_test,n_test_studies,ladder
RandomForest,row_wise,1,0,0.739066025590452,0.060109511069755775,0.04340732615156753,79,44,noise_augmented_random
RandomForest,row_wise,1,1,0.5935819965975118,0.074039900097476,0.04878817128715587,79,38,noise_augmented_random
RandomForest,row_wise,1,2,0.5702209885195221,0.09693085149950022,0.06293434904667837,79,44,noise_augmented_random
RandomForest,row_wise,1,3,0.6997276876064024,0.07903543532606638,0.056284675422797324,79,42,noise_augmented_random
RandomForest,row_wise,1,4,0.39019772646551465,0.08867417854463135,0.060486060277613884,79,40,noise_augmented_random
RandomForest,row_wise,1,5,0.5850555351615647,0.08919689676552277,0.06113464329912979,79,51,noise_augmented_random
RandomForest,row_wise,1,6,0.7796990365287769,0.06457414860346467,0.04837301568216454,79,42,noise_augmented_random
RandomForest,row_wise,1,7,0.7124917151483242,0.07110273981682783,0.0494926160771027,79,41,noise_augmented_random
RandomForest,row_wise,1,8,0.6383906617558606,0.08369945860129432,0.05472888302410281,79,39,noise_augmented_random
RandomForest,row_wise,1,9,0.7647543960187737,0.05671599487633467,0.041593282529994946,79,37,noise_augmented_random
RandomForest,row_wise,1,10,0.661053326787816,0.07652127684127352,0.0538450425152274,79,44,noise_augmented_random
RandomForest,row_wise,1,11,0.6045314103704693,0.08723942823019976,0.06027427817704063,79,43,noise_augmented_random
RandomForest,row_wise,1,12,0.6045033200768226,0.08313538235257333,0.05784679886840107,79,37,noise_augmented_random
RandomForest,row_wise,1,13,0.7173218361851303,0.060279811649746974,0.04544956256151343,79,46,noise_augmented_random
RandomForest,row_wise,1,14,0.7253205129971254,0.06085498288576713,0.045519219297584526,79,43,noise_augmented_random
RandomForest,row_wise,1,15,0.6663170564765024,0.07847058403120726,0.05510779337577631,79,39,noise_augmented_random
RandomForest,row_wise,1,16,0.760669256718413,0.0699212932631049,0.050566703599812066,79,41,noise_augmented_random
RandomForest,row_wise,1,17,0.6491049188096283,0.08435342495232864,0.057228699548376255,79,36,noise_augmented_random
RandomForest,row_wise,1,18,0.5490403819409817,0.0929197721925109,0.06281946797587043,79,39,noise_augmented_random
RandomForest,row_wise,1,19,0.8030874779786427,0.0531013793777696,0.03808128124632089,79,40,noise_augmented_random
RandomForest,row_wise,1,20,0.6572376140668964,0.06086735246072546,0.04360462427269218,79,41,noise_augmented_random
RandomForest,row_wise,1,21,0.7079985636379059,0.0802227747555514,0.053921978277349895,79,42,noise_augmented_random
RandomForest,row_wise,1,22,0.5807453520318268,0.09266612172415506,0.05757129582001301,79,43,noise_augmented_random
RandomForest,row_wise,1,23,0.6625013717751976,0.0777125647181058,0.04850573015031823,79,41,noise_augmented_random
RandomForest,row_wise,1,24,0.5478012838817348,0.0734471859039233,0.05453767297710616,79,46,noise_augmented_random
RandomForest,row_wise,1,25,0.6369901151126478,0.0783181727242723,0.053297311509356876,79,34,noise_augmented_random
RandomForest,row_wise,1,26,0.7580670610380188,0.07475773526208229,0.053688236150630585,79,47,noise_augmented_random
RandomForest,row_wise,1,27,0.6776292604954883,0.06869801407808643,0.04895455375225681,79,46,noise_augmented_random
RandomForest,row_wise,1,28,0.7459601671282851,0.07732054478413561,0.05338547493505905,79,42,noise_augmented_random
RandomForest,row_wise,1,29,0.5324095074281782,0.09996083314490711,0.0601093330004411,79,47,noise_augmented_random
RandomForest,row_wise,1,30,0.5724784904842892,0.08103110825702713,0.05507807132913391,79,42,noise_augmented_random
RandomForest,row_wise,1,31,0.5520067742262007,0.07948908447866146,0.05643638332318195,79,45,noise_augmented_random
RandomForest,row_wise,1,32,0.6108660939142528,0.0812584568134149,0.05363122111046632,79,41,noise_augmented_random
RandomForest,row_wise,1,33,0.7176904476867301,0.08118343625486989,0.054531993728376645,79,43,noise_augmented_random
RandomForest,row_wise,1,34,0.7774330121272333,0.06221582064272581,0.04692285215139748,79,47,noise_augmented_random
RandomForest,row_wise,1,35,0.6431145622827487,0.07953763178573796,0.052939109593425134,79,44,noise_augmented_random
RandomForest,row_wise,1,36,0.5781408981942493,0.0845386330886437,0.0555833465020833,79,44,noise_augmented_random
RandomForest,row_wise,1,37,0.5841718691139273,0.07058220289153622,0.0496560071366318,79,39,noise_augmented_random
RandomForest,row_wise,1,38,0.8323498229302724,0.06376796933130702,0.04510840955906937,79,39,noise_augmented_random
RandomForest,row_wise,1,39,0.6724696531483455,0.0665764211986529,0.04892793502984748,79,36,noise_augmented_random
CatBoost,row_wise,1,0,0.7296946968619518,0.061179393023186826,0.04308822753553711,79,44,noise_augmented_random
CatBoost,row_wise,1,1,0.58069508255156,0.07520458740603761,0.04751974608036845,79,38,noise_augmented_random
CatBoost,row_wise,1,2,0.6527009138389315,0.08713472137599086,0.05953473939285058,79,44,noise_augmented_random
CatBoost,row_wise,1,3,0.7607202868869641,0.07055326966288172,0.04827068264439246,79,42,noise_augmented_random
CatBoost,row_wise,1,4,0.4527261347153202,0.08400497539470789,0.055253454738319496,79,40,noise_augmented_random
CatBoost,row_wise,1,5,0.668371134050417,0.07974086092477559,0.05490879268281774,79,51,noise_augmented_random
CatBoost,row_wise,1,6,0.7863146508039968,0.0635971807629694,0.04624027651717649,79,42,noise_augmented_random
CatBoost,row_wise,1,7,0.7678074836666339,0.06389770543705334,0.04225935121583538,79,41,noise_augmented_random
CatBoost,row_wise,1,8,0.692517695121439,0.07718144303205211,0.05406289422693537,79,39,noise_augmented_random
CatBoost,row_wise,1,9,0.7876510446381717,0.05388524487010846,0.03917166007430593,79,37,noise_augmented_random
CatBoost,row_wise,1,10,0.6871888213239458,0.07351190082705009,0.05083117022422434,79,44,noise_augmented_random
CatBoost,row_wise,1,11,0.6732268221470716,0.07930124649531128,0.05270164104306795,79,43,noise_augmented_random
CatBoost,row_wise,1,12,0.6771419304375353,0.07511389804402574,0.053031659074632975,79,37,noise_augmented_random
CatBoost,row_wise,1,13,0.8114462970872989,0.04923152499718613,0.03651491376388289,79,46,noise_augmented_random
CatBoost,row_wise,1,14,0.8261193276901524,0.048418205144291036,0.034402477539851165,79,43,noise_augmented_random
CatBoost,row_wise,1,15,0.7240056136229485,0.0713657781173652,0.0493815969409446,79,39,noise_augmented_random
CatBoost,row_wise,1,16,0.768922884123933,0.0687050526565978,0.04894228294870945,79,41,noise_augmented_random
CatBoost,row_wise,1,17,0.7467481914428142,0.07166223655775769,0.047339541014534164,79,36,noise_augmented_random
CatBoost,row_wise,1,18,0.5870423313531123,0.088918489616173,0.057965267980526904,79,39,noise_augmented_random
CatBoost,row_wise,1,19,0.8171062442077359,0.05117626357830479,0.03410283832677756,79,40,noise_augmented_random
CatBoost,row_wise,1,20,0.6668497065878931,0.060007831522936456,0.04204529397305486,79,41,noise_augmented_random
CatBoost,row_wise,1,21,0.7376558339648638,0.07603978686551606,0.049545807265456904,79,42,noise_augmented_random
CatBoost,row_wise,1,22,0.6203510316822547,0.08818062166992033,0.053349856968393346,79,43,noise_augmented_random
CatBoost,row_wise,1,23,0.6936994766740199,0.07403364045740636,0.04569587828400469,79,41,noise_augmented_random
CatBoost,row_wise,1,24,0.5372517656960114,0.07429898541415496,0.052958694098622215,79,46,noise_augmented_random
CatBoost,row_wise,1,25,0.6790705396739782,0.07363903921079926,0.051183164103422565,79,34,noise_augmented_random
CatBoost,row_wise,1,26,0.7828700182676283,0.07082205651330535,0.049583603379129954,79,47,noise_augmented_random
CatBoost,row_wise,1,27,0.7348357480900028,0.0623051379703396,0.04275339538012909,79,46,noise_augmented_random
CatBoost,row_wise,1,28,0.8229321517037669,0.06455261663565093,0.04309621365526749,79,42,noise_augmented_random
CatBoost,row_wise,1,29,0.593793831130744,0.09316875420052374,0.05390714147211783,79,47,noise_augmented_random
CatBoost,row_wise,1,30,0.6238415687115976,0.07600780556698859,0.04795428667661503,79,42,noise_augmented_random
CatBoost,row_wise,1,31,0.5678500370174637,0.07807086865739928,0.04959892484865168,79,45,noise_augmented_random
CatBoost,row_wise,1,32,0.6472521854137616,0.07736618813451202,0.05101259862927573,79,41,noise_augmented_random
CatBoost,row_wise,1,33,0.8079256831882689,0.06696367680966116,0.04363100720723589,79,43,noise_augmented_random
CatBoost,row_wise,1,34,0.8302909170715664,0.05432791064107446,0.04100290207362121,79,47,noise_augmented_random
CatBoost,row_wise,1,35,0.7002408676180019,0.07289444834665287,0.04600370589888143,79,44,noise_augmented_random
CatBoost,row_wise,1,36,0.6301048502668983,0.07916091909229174,0.049050964583224,79,44,noise_augmented_random
CatBoost,row_wise,1,37,0.6249299631835792,0.06703389598781039,0.046159023928284845,79,39,noise_augmented_random
CatBoost,row_wise,1,38,0.8313366066026195,0.06396037420014991,0.04109233471322639,79,39,noise_augmented_random
CatBoost,row_wise,1,39,0.6934512602606295,0.06440868626379491,0.04523941047508362,79,36,noise_augmented_random
RandomForest,row_wise,0,0,0.42828346262943684,0.1048391396298374,0.07634550288786077,40,25,row_wise
RandomForest,row_wise,0,1,0.5292388285224954,0.11187706472504615,0.0842845726031746,40,29,row_wise
RandomForest,row_wise,0,2,0.5034530255343526,0.11335680689157261,0.07982653115138887,40,28,row_wise
RandomForest,row_wise,0,3,0.11992151294201947,0.08054512892593813,0.05579649809709595,40,25,row_wise
RandomForest,row_wise,0,4,-0.24029876997169253,0.11027574801728822,0.07921364526803058,40,23,row_wise
RandomForest,row_wise,0,5,0.16901399062884015,0.10618444987426104,0.07690406863520646,40,32,row_wise
RandomForest,row_wise,0,6,0.06486418614572209,0.11782920548597481,0.08715879446094872,40,27,row_wise
RandomForest,row_wise,0,7,0.08007229326707621,0.11253373994405788,0.07422767943210679,40,25,row_wise
RandomForest,row_wise,0,8,0.2595687362432768,0.10428622283876862,0.06975784196823595,40,26,row_wise
RandomForest,row_wise,0,9,0.21055271974852774,0.10762524109747863,0.07608686233764435,40,26,row_wise
RandomForest,row_wise,0,10,0.2242324398167863,0.0959042362044956,0.07453119066125533,40,28,row_wise
RandomForest,row_wise,0,11,0.25230626845852866,0.10845441097895958,0.07988042159003768,40,31,row_wise
RandomForest,row_wise,0,12,0.5527100252443959,0.10303362385083278,0.07216876793118683,40,27,row_wise
RandomForest,row_wise,0,13,0.22331720068278182,0.1205403627450494,0.07863633102487515,40,23,row_wise
RandomForest,row_wise,0,14,0.37459336871038285,0.12738661190145245,0.09212981018154758,40,29,row_wise
RandomForest,row_wise,0,15,0.4627629965208496,0.1091288875822157,0.07986008568055551,40,28,row_wise
RandomForest,row_wise,0,16,-0.12933057689946215,0.11128621961917858,0.08083489307275368,40,26,row_wise
RandomForest,row_wise,0,17,0.23716009732626808,0.12728464961369282,0.09113946448329728,40,27,row_wise
RandomForest,row_wise,0,18,0.34375669363266026,0.11784202418138362,0.08460744714318187,40,32,row_wise
RandomForest,row_wise,0,19,0.13289854820231595,0.12127172581365957,0.0830475804119228,40,31,row_wise
RandomForest,row_wise,0,20,0.6847820370074764,0.08450563593349911,0.06055149193414768,40,26,row_wise
RandomForest,row_wise,0,21,0.16346147913335407,0.10948754333666887,0.08277009851408594,40,29,row_wise
RandomForest,row_wise,0,22,0.49505123120855854,0.10189653733572798,0.06633521962709239,40,28,row_wise
RandomForest,row_wise,0,23,-0.4247154790085885,0.13000407190528615,0.08443527564156257,40,29,row_wise
RandomForest,row_wise,0,24,0.41996677262352033,0.1006560206407112,0.07169799340387814,40,27,row_wise
RandomForest,row_wise,0,25,0.6018737550003561,0.08663798800220895,0.05893575972950941,40,27,row_wise
RandomForest,row_wise,0,26,0.4653443138188237,0.10704054690216447,0.07591703572527052,40,24,row_wise
RandomForest,row_wise,0,27,0.442963772830804,0.08464997138934686,0.05394011479516593,40,25,row_wise
RandomForest,row_wise,0,28,0.46824001532621584,0.10536659301471926,0.07532493821648631,40,30,row_wise
RandomForest,row_wise,0,29,0.35138420887979205,0.10092188588687497,0.07236014484959472,40,30,row_wise
RandomForest,row_wise,0,30,0.18704197946327905,0.09364839637325904,0.07499620629944086,40,25,row_wise
RandomForest,row_wise,0,31,0.31475788894514223,0.08393322776212084,0.06155761616830798,40,26,row_wise
RandomForest,row_wise,0,32,0.38738748635686704,0.11206824214290942,0.08607528991661266,40,27,row_wise
RandomForest,row_wise,0,33,0.36043159258273316,0.09427127886895409,0.07033820945167747,40,24,row_wise
RandomForest,row_wise,0,34,0.38881782840684276,0.09940110351805573,0.07150591323920943,40,34,row_wise
RandomForest,row_wise,0,35,0.36028294088591395,0.09334271456703024,0.06542417076515153,40,29,row_wise
RandomForest,row_wise,0,36,0.5613275146669101,0.09973922751478156,0.06697773730120846,40,26,row_wise
RandomForest,row_wise,0,37,0.3437177857662562,0.09712773067121847,0.07011665690597049,40,27,row_wise
RandomForest,row_wise,0,38,-0.012529073068882068,0.11955772004714335,0.09047772034359669,40,30,row_wise
RandomForest,row_wise,0,39,0.09230412920705133,0.12312574094599905,0.09229792512599208,40,26,row_wise
CatBoost,row_wise,0,0,0.4766295693477516,0.10030848288729996,0.07381840972905093,40,25,row_wise
CatBoost,row_wise,0,1,0.5728616922206693,0.10656755636568951,0.07664942044348089,40,29,row_wise
CatBoost,row_wise,0,2,0.4822303424770583,0.115753926588288,0.07667032580412014,40,28,row_wise
CatBoost,row_wise,0,3,0.22448307989599958,0.07560912589512264,0.05386781631326526,40,25,row_wise
CatBoost,row_wise,0,4,-0.09654398014710219,0.10368833084906028,0.07327222934263536,40,23,row_wise
CatBoost,row_wise,0,5,0.2253520934713521,0.1025218043816797,0.07535189471834827,40,32,row_wise
CatBoost,row_wise,0,6,0.1348119074433276,0.11333678035615204,0.08283431062600127,40,27,row_wise
CatBoost,row_wise,0,7,0.17259278237535436,0.10672485054408079,0.07110575958968654,40,25,row_wise
CatBoost,row_wise,0,8,0.3327245558292877,0.0990004424368282,0.06727910177417676,40,26,row_wise
CatBoost,row_wise,0,9,0.214215816164808,0.10737525605296624,0.07509255948737456,40,26,row_wise
CatBoost,row_wise,0,10,0.3200028456085553,0.08978949542766919,0.07052483911624777,40,28,row_wise
CatBoost,row_wise,0,11,0.24382238084452312,0.10906797748495875,0.08268944043418096,40,31,row_wise
CatBoost,row_wise,0,12,0.5572111409561789,0.10251389512168961,0.07452236466012306,40,27,row_wise
CatBoost,row_wise,0,13,0.33972011907797806,0.11114109789467128,0.07365172045421217,40,23,row_wise
CatBoost,row_wise,0,14,0.3005996647789059,0.1347117456684947,0.0974753819406525,40,29,row_wise
CatBoost,row_wise,0,15,0.45581591389631404,0.10983220125176615,0.07747460574874003,40,28,row_wise
CatBoost,row_wise,0,16,0.038841523555773305,0.10266640299931361,0.07616714943180389,40,26,row_wise
CatBoost,row_wise,0,17,0.2084019424500101,0.12966169370515385,0.0913495163247731,40,27,row_wise
CatBoost,row_wise,0,18,0.2924427452777616,0.12236255721630764,0.08850297518992614,40,32,row_wise
CatBoost,row_wise,0,19,0.2689687814035585,0.11135060045110257,0.07831464182030412,40,31,row_wise
CatBoost,row_wise,0,20,0.6905991192310721,0.08372226479407584,0.059570373195221585,40,26,row_wise
CatBoost,row_wise,0,21,0.26023684090146104,0.10295989448207322,0.07914524765321548,40,29,row_wise
CatBoost,row_wise,0,22,0.4786735195134617,0.10353582771510202,0.06824949252644028,40,28,row_wise
CatBoost,row_wise,0,23,0.24318084801435114,0.09475212108494718,0.07026360186693259,40,29,row_wise
CatBoost,row_wise,0,24,0.4277031702440386,0.09998249969366292,0.07002607501877492,40,27,row_wise
CatBoost,row_wise,0,25,0.6246213806322302,0.08412648055795,0.05410049928613436,40,27,row_wise
CatBoost,row_wise,0,26,0.4947736975661473,0.10405290281460636,0.07214494488632704,40,24,row_wise
CatBoost,row_wise,0,27,0.4331928389772244,0.08538916359169159,0.05677758895611769,40,25,row_wise
CatBoost,row_wise,0,28,0.4282424900868661,0.10925744738972519,0.07618994602104938,40,30,row_wise
CatBoost,row_wise,0,29,0.3578106991009409,0.10042067388447769,0.07010415755101991,40,30,row_wise
CatBoost,row_wise,0,30,0.21492654243455223,0.09202830691728545,0.07416151152497737,40,25,row_wise
CatBoost,row_wise,0,31,0.3137263481377266,0.08399637915691031,0.059718957392845586,40,26,row_wise
CatBoost,row_wise,0,32,0.3578711800496942,0.11473626522977758,0.08694146827721508,40,27,row_wise
CatBoost,row_wise,0,33,0.2933520151079827,0.09909174118775602,0.07330791418616903,40,24,row_wise
CatBoost,row_wise,0,34,0.4368229097474251,0.0954175710620156,0.07094459100558508,40,34,row_wise
CatBoost,row_wise,0,35,0.3341459350959939,0.09523048330403942,0.0674334838347754,40,29,row_wise
CatBoost,row_wise,0,36,0.5691178809550628,0.09884962785002926,0.0664434604779692,40,26,row_wise
CatBoost,row_wise,0,37,0.3962264979958452,0.09316117319258944,0.06837993613480743,40,27,row_wise
CatBoost,row_wise,0,38,0.07147001822810484,0.11449112931464757,0.0869473599177063,40,30,row_wise
CatBoost,row_wise,0,39,0.09388123277333471,0.1230187301775159,0.09089388377924348,40,26,row_wise
RandomForest,study_grouped,0,0,0.25014063237231543,0.09119635620893349,0.07535745582987838,32,16,study_grouped
RandomForest,study_grouped,0,1,0.07132912206980568,0.09882841282901149,0.08533032904867718,30,16,study_grouped
RandomForest,study_grouped,0,2,-0.06563204495786379,0.10112108164130194,0.07901923388816735,20,16,study_grouped
RandomForest,study_grouped,0,3,-0.06699254014339862,0.12107306716321532,0.09667048470445942,21,16,study_grouped
RandomForest,study_grouped,0,4,-0.08419196917794403,0.09036052942449455,0.06921431325304996,44,16,study_grouped
RandomForest,study_grouped,0,5,-0.8963800677108142,0.11154112925721626,0.08946631330290086,39,16,study_grouped
RandomForest,study_grouped,0,6,-0.10111427391740113,0.12048298553911893,0.0965228509434524,48,16,study_grouped
RandomForest,study_grouped,0,7,0.00020529215465470152,0.113961745444753,0.0866517928841351,49,16,study_grouped
RandomForest,study_grouped,0,8,-0.621779342541448,0.2231692667266046,0.1551308238100761,39,16,study_grouped
RandomForest,study_grouped,0,9,0.1639141012634978,0.1076852342036411,0.08274625682894152,46,16,study_grouped
RandomForest,study_grouped,0,10,-0.3866416186023822,0.11051794039531727,0.07874244069967903,55,16,study_grouped
RandomForest,study_grouped,0,11,-0.38666901019229316,0.10634724980865375,0.08092023104870137,28,16,study_grouped
RandomForest,study_grouped,0,12,0.10329915950114621,0.09390640941208815,0.07095561754691045,56,16,study_grouped
RandomForest,study_grouped,0,13,-0.5486694683851201,0.13667286374827123,0.11918126559615087,29,16,study_grouped
RandomForest,study_grouped,0,14,-0.1480227608675111,0.11232059500513766,0.08968880020655087,41,16,study_grouped
RandomForest,study_grouped,0,15,-0.09025748310133319,0.1089371065486841,0.08739212312008113,37,16,study_grouped
RandomForest,study_grouped,0,16,0.15340416069869922,0.07493309988266408,0.059159291333573706,36,16,study_grouped
RandomForest,study_grouped,0,17,-3.2092007609097477,0.12865378924034715,0.10612866089401773,27,16,study_grouped
RandomForest,study_grouped,0,18,-0.9484770827452418,0.2537332754600822,0.19436519651519818,31,16,study_grouped
RandomForest,study_grouped,0,19,-0.777098690726661,0.12654738517353803,0.09721703109442424,30,16,study_grouped
RandomForest,study_grouped,0,20,-0.050210639847794614,0.09529399960676449,0.07616939733001751,47,16,study_grouped
RandomForest,study_grouped,0,21,-0.023586522491207074,0.08579453031215585,0.07432726828501998,53,16,study_grouped
RandomForest,study_grouped,0,22,-0.12352068782635683,0.13311979739895033,0.11024734612018251,29,16,study_grouped
RandomForest,study_grouped,0,23,0.39262374363955854,0.08652459099911282,0.07449626813136866,39,16,study_grouped
RandomForest,study_grouped,0,24,-0.9321324196529708,0.1461191467829748,0.10994331981183544,20,16,study_grouped
RandomForest,study_grouped,0,25,-0.9724208053062331,0.15787195426172546,0.12101846109294577,36,16,study_grouped
RandomForest,study_grouped,0,26,-0.0036121221307650053,0.09960113974354115,0.08409283864538153,33,16,study_grouped
RandomForest,study_grouped,0,27,-0.12600084286085278,0.11623217774030926,0.10466800418844906,21,16,study_grouped
RandomForest,study_grouped,0,28,-0.17851859361111289,0.07964088789168575,0.06306755986925813,48,16,study_grouped
RandomForest,study_grouped,0,29,-0.46924776545531777,0.13630494221190667,0.09512204950169273,26,16,study_grouped
RandomForest,study_grouped,0,30,-0.8826061802655285,0.2431922711813164,0.1822250670611326,37,16,study_grouped
RandomForest,study_grouped,0,31,-0.316016207932299,0.11401839622086693,0.08735592036632855,67,16,study_grouped
RandomForest,study_grouped,0,32,-0.7810573439242094,0.25657054040878335,0.20435822480392168,34,16,study_grouped
RandomForest,study_grouped,0,33,-0.6925167862394794,0.13966789317777809,0.09913048039355571,47,16,study_grouped
RandomForest,study_grouped,0,34,0.05706707407505596,0.1034873106656272,0.08619263830841381,39,16,study_grouped
RandomForest,study_grouped,0,35,-0.2014708514615664,0.10069380170205905,0.08766199898969856,36,16,study_grouped
RandomForest,study_grouped,0,36,-0.21963216847686717,0.12203137381355596,0.09259315172009563,38,16,study_grouped
RandomForest,study_grouped,0,37,-1.0099619933573436,0.12918505789803236,0.11094762765239509,27,16,study_grouped
RandomForest,study_grouped,0,38,0.275188191115762,0.09689748423303104,0.07581571803896694,47,16,study_grouped
RandomForest,study_grouped,0,39,0.3464439475983071,0.09384965743488015,0.06914020233822353,27,16,study_grouped
CatBoost,study_grouped,0,0,0.367314155620171,0.08376867275718945,0.06723910136015859,32,16,study_grouped
CatBoost,study_grouped,0,1,0.2597672790625084,0.08823381280698119,0.07451843801399625,30,16,study_grouped
CatBoost,study_grouped,0,2,-0.15141955842374477,0.10511262249688888,0.0785617931292257,20,16,study_grouped
CatBoost,study_grouped,0,3,-0.05097724555383687,0.12016099329958939,0.09776956824298627,21,16,study_grouped
CatBoost,study_grouped,0,4,0.12452042486155712,0.08119862648821037,0.06382967777695253,44,16,study_grouped
CatBoost,study_grouped,0,5,-0.291350449554052,0.09204377139217798,0.0690472418510982,39,16,study_grouped
CatBoost,study_grouped,0,6,0.2662847363226155,0.09834975930872326,0.07300086437336036,48,16,study_grouped
CatBoost,study_grouped,0,7,0.3362772943222613,0.09285322940619992,0.06678496286686417,49,16,study_grouped
CatBoost,study_grouped,0,8,-0.6675428474337466,0.22629606660382318,0.15380231554305776,39,16,study_grouped
CatBoost,study_grouped,0,9,0.07290769359006277,0.1133945537059834,0.08218964044899431,46,16,study_grouped
CatBoost,study_grouped,0,10,-0.2386113821879967,0.10445234647972258,0.07549930111509334,55,16,study_grouped
CatBoost,study_grouped,0,11,-0.28872295483198274,0.10252260685546553,0.07817043436287989,28,16,study_grouped
CatBoost,study_grouped,0,12,-0.2833525001510764,0.11234258877386841,0.07990039301938735,56,16,study_grouped
CatBoost,study_grouped,0,13,-0.8581716668398902,0.14970828768342562,0.12962044449777907,29,16,study_grouped
CatBoost,study_grouped,0,14,-0.10772714893884938,0.11033176000325888,0.08693731425807526,41,16,study_grouped
CatBoost,study_grouped,0,15,0.00012704221729809007,0.10432387478263423,0.08259441353822379,37,16,study_grouped
CatBoost,study_grouped,0,16,-0.21497348396494487,0.0897674801209459,0.06911935210237183,36,16,study_grouped
CatBoost,study_grouped,0,17,-2.08871270907862,0.11020759355607644,0.09193031781989246,27,16,study_grouped
CatBoost,study_grouped,0,18,-0.7866259781664817,0.24296661156097804,0.18565523045022964,31,16,study_grouped
CatBoost,study_grouped,0,19,-1.3357714914622587,0.14508168106719962,0.1140376086831961,30,16,study_grouped
CatBoost,study_grouped,0,20,-0.14344518437497644,0.09943402581135827,0.08043662894403668,47,16,study_grouped
CatBoost,study_grouped,0,21,0.23799053750256727,0.07402484449423255,0.059735424477561486,53,16,study_grouped
CatBoost,study_grouped,0,22,0.053371391383430944,0.12219176101054624,0.09688045962450748,29,16,study_grouped
CatBoost,study_grouped,0,23,0.4569789517108964,0.08181237149958487,0.06400318615250303,39,16,study_grouped
CatBoost,study_grouped,0,24,-1.052765863053462,0.1506115896003544,0.12309913285465149,20,16,study_grouped
CatBoost,study_grouped,0,25,-0.6630082797393031,0.14496140957396617,0.11226936890142351,36,16,study_grouped
CatBoost,study_grouped,0,26,0.1153815783519353,0.09351027807840694,0.07469477095732943,33,16,study_grouped
CatBoost,study_grouped,0,27,-0.17070071846861623,0.11851681164431958,0.1025918124004975,21,16,study_grouped
CatBoost,study_grouped,0,28,-0.007776216403086567,0.0736461293126936,0.058702561181977864,48,16,study_grouped
CatBoost,study_grouped,0,29,-0.23022451257614618,0.12472579237142599,0.09321021622700676,26,16,study_grouped
CatBoost,study_grouped,0,30,-0.9521638847488181,0.2476442026554184,0.19057874095267588,37,16,study_grouped
CatBoost,study_grouped,0,31,-0.1295019972513778,0.10563012908515855,0.07960937877933884,67,16,study_grouped
CatBoost,study_grouped,0,32,-0.7169990410356533,0.2519143249001644,0.18980395319193707,34,16,study_grouped
CatBoost,study_grouped,0,33,-0.3211431752118401,0.12339712251530562,0.08990209097801764,47,16,study_grouped
CatBoost,study_grouped,0,34,0.06126551018627602,0.10325666351724101,0.08698860127805948,39,16,study_grouped
CatBoost,study_grouped,0,35,-0.2227988526928899,0.10158360705201123,0.08266841907098171,36,16,study_grouped
CatBoost,study_grouped,0,36,-0.47118583478037857,0.13402654817273832,0.10305015311091056,38,16,study_grouped
CatBoost,study_grouped,0,37,-0.7310414062457655,0.1198869991432692,0.10242581290350088,27,16,study_grouped
CatBoost,study_grouped,0,38,0.144850871203008,0.10524968388977421,0.07387642052034743,47,16,study_grouped
CatBoost,study_grouped,0,39,0.3940146332837894,0.09036959579406686,0.06525079227523818,27,16,study_grouped
Ridge,study_grouped,0,0,0.02802312564400722,0.1038282518019503,0.09012029140070546,32,16,study_grouped
Ridge,study_grouped,0,1,-0.29718698072238436,0.11680251601877231,0.1024400179719962,30,16,study_grouped
Ridge,study_grouped,0,2,0.37759973230788335,0.07728103963561349,0.05861257636766483,20,16,study_grouped
Ridge,study_grouped,0,3,-0.3426587872908773,0.13581560805158435,0.11049619654083662,21,16,study_grouped
Ridge,study_grouped,0,4,-0.612926201186033,0.11021302490791592,0.08117331363353039,44,16,study_grouped
Ridge,study_grouped,0,5,-0.8531687590894621,0.11026300678542986,0.07204273673163748,39,16,study_grouped
Ridge,study_grouped,0,6,0.015761476274108954,0.11390943670990014,0.0832044395004564,48,16,study_grouped
Ridge,study_grouped,0,7,0.11140499342741705,0.1074374296621119,0.07500680118523342,49,16,study_grouped
Ridge,study_grouped,0,8,-0.551323026534801,0.21826777621894042,0.1555193470816092,39,16,study_grouped
Ridge,study_grouped,0,9,-0.12609839348887752,0.1249737717002672,0.09808067606716564,46,16,study_grouped
Ridge,study_grouped,0,10,-0.8318680359106125,0.1270275025797569,0.09593297299349487,55,16,study_grouped
Ridge,study_grouped,0,11,-0.09993310698754176,0.09471592292225205,0.06997034265901529,28,16,study_grouped
Ridge,study_grouped,0,12,-0.13680692778669323,0.1057340341826176,0.0657552248959317,56,16,study_grouped
Ridge,study_grouped,0,13,-0.8776679639710612,0.15049162249926543,0.12978830930776306,29,16,study_grouped
Ridge,study_grouped,0,14,-0.26646025926176553,0.11797226817031693,0.0966186366738611,41,16,study_grouped
Ridge,study_grouped,0,15,-0.1329108981259941,0.11104759954602524,0.09092890818210936,37,16,study_grouped
Ridge,study_grouped,0,16,-1.428524809739645,0.1269132327238981,0.10197529462301147,36,16,study_grouped
Ridge,study_grouped,0,17,-5.892307361034684,0.1646285223540447,0.13236553414562507,27,16,study_grouped
Ridge,study_grouped,0,18,-0.5442928522286887,0.22588875169053446,0.1649729917181134,31,16,study_grouped
Ridge,study_grouped,0,19,-1.796096982203927,0.15873530023812057,0.12902894587876507,30,16,study_grouped
Ridge,study_grouped,0,20,-0.7428444041361946,0.12275993687516806,0.09650811713580154,47,16,study_grouped
Ridge,study_grouped,0,21,0.07621383643846391,0.08150477410806196,0.056319372419406176,53,16,study_grouped
Ridge,study_grouped,0,22,-0.0916344793474233,0.1312171900611831,0.10691138823689164,29,16,study_grouped
Ridge,study_grouped,0,23,0.18366574305937622,0.1003100993949445,0.07587016461544642,39,16,study_grouped
Ridge,study_grouped,0,24,-1.4005895901064278,0.16287245515645726,0.13669273085905367,20,16,study_grouped
Ridge,study_grouped,0,25,-1.1952321729907607,0.16655030299553997,0.13143041065221267,36,16,study_grouped
Ridge,study_grouped,0,26,-0.4727655779423392,0.12065579110102186,0.10511674171852364,33,16,study_grouped
Ridge,study_grouped,0,27,-0.01426033715078967,0.11031428091916741,0.09592624420524912,21,16,study_grouped
Ridge,study_grouped,0,28,-0.2278670228012709,0.08129120131247325,0.06396787344732502,48,16,study_grouped
Ridge,study_grouped,0,29,-0.7062640659214303,0.14688830042395293,0.1132106358159596,26,16,study_grouped
Ridge,study_grouped,0,30,-0.7371896765298849,0.2336111936805767,0.1855174405268,37,16,study_grouped
Ridge,study_grouped,0,31,-0.30660217412744606,0.11360985280701032,0.08236729217400167,67,16,study_grouped
Ridge,study_grouped,0,32,-0.44130909723186007,0.23080563176636734,0.1717697617479949,34,16,study_grouped
Ridge,study_grouped,0,33,-0.6335353428410526,0.13721271488390943,0.10198304685567323,47,16,study_grouped
Ridge,study_grouped,0,34,-0.123444340291055,0.11295942705113277,0.09235261501827696,39,16,study_grouped
Ridge,study_grouped,0,35,-0.5288233435208833,0.11358599092159115,0.0944028757961763,36,16,study_grouped
Ridge,study_grouped,0,36,-0.4091619729112632,0.13117090735268355,0.10398931768180648,38,16,study_grouped
Ridge,study_grouped,0,37,-0.8477918190825708,0.1238639374580554,0.10887597025931406,27,16,study_grouped
Ridge,study_grouped,0,38,-0.3039215894590499,0.12996476007957034,0.09005598070444014,47,16,study_grouped
Ridge,study_grouped,0,39,0.0857945822515469,0.11099749216417762,0.08748425255708972,27,16,study_grouped
MeanPredictor,study_grouped,0,0,-0.05371544342945622,0.10810586303472727,0.08003647446646342,32,16,study_grouped
MeanPredictor,study_grouped,0,1,-0.04828108030166467,0.10500011654483099,0.08594104136546185,30,16,study_grouped
MeanPredictor,study_grouped,0,2,-0.06812549226285469,0.10123931793488619,0.08248525454545455,20,16,study_grouped
MeanPredictor,study_grouped,0,3,-0.05542743896289193,0.12041512572290423,0.09930618258503401,21,16,study_grouped
MeanPredictor,study_grouped,0,4,-0.02305122351773159,0.08777571247596769,0.06554566746411483,44,16,study_grouped
MeanPredictor,study_grouped,0,5,-1.223612121957077,0.1207819014978324,0.11078963759594973,39,16,study_grouped
MeanPredictor,study_grouped,0,6,-0.4419629268137901,0.1378753321879665,0.1295855025337838,48,16,study_grouped
MeanPredictor,study_grouped,0,7,-0.10877591418249488,0.12001224698946698,0.09774563334721643,49,16,study_grouped
MeanPredictor,study_grouped,0,8,-0.2185096575702321,0.1934429881218127,0.13233231046872446,39,16,study_grouped
MeanPredictor,study_grouped,0,9,-0.002416214858850241,0.11791111578754093,0.0908516704347826,46,16,study_grouped
MeanPredictor,study_grouped,0,10,-0.011283390190822695,0.09438154980977806,0.07300297756286267,55,16,study_grouped
MeanPredictor,study_grouped,0,11,-0.13315325155862667,0.09613558713398994,0.07189707780612245,28,16,study_grouped
MeanPredictor,study_grouped,0,12,-0.20902293092613378,0.1090407213400946,0.09351345612244898,56,16,study_grouped
MeanPredictor,study_grouped,0,13,-0.14034193298577735,0.11727905921765186,0.10299385442907288,29,16,study_grouped
MeanPredictor,study_grouped,0,14,-0.018496019164594202,0.10579467629954577,0.07703416286388669,41,16,study_grouped
MeanPredictor,study_grouped,0,15,-0.005398115973302309,0.10461171726033984,0.07541011507734148,37,16,study_grouped
MeanPredictor,study_grouped,0,16,-0.058039479559182316,0.08376962492027223,0.06943219270833333,36,16,study_grouped
MeanPredictor,study_grouped,0,17,-1.170469867599754,0.09238461267748473,0.07909833420994959,27,16,study_grouped
MeanPredictor,study_grouped,0,18,-0.4542564229986761,0.21920490612925062,0.1612282559139785,31,16,study_grouped
MeanPredictor,study_grouped,0,19,-0.15435662169810138,0.10199230377881961,0.08491215702811244,30,16,study_grouped
MeanPredictor,study_grouped,0,20,-0.08883579692269117,0.09703056125565458,0.08204508624875054,47,16,study_grouped
MeanPredictor,study_grouped,0,21,-0.9853931596242944,0.11948697933301747,0.10630877912653383,53,16,study_grouped
MeanPredictor,study_grouped,0,22,-0.004637359625938808,0.12588001132049367,0.11004767396241999,29,16,study_grouped
MeanPredictor,study_grouped,0,23,-0.2501355885331271,0.12413355960520975,0.10976813931079536,39,16,study_grouped
MeanPredictor,study_grouped,0,24,-0.011786998831088802,0.105738520893523,0.09272194999999998,20,16,study_grouped
MeanPredictor,study_grouped,0,25,-0.031162668270323657,0.11414812664717917,0.09821387638888891,36,16,study_grouped
MeanPredictor,study_grouped,0,26,-0.015152864572116398,0.10017216984484384,0.08373809090909091,33,16,study_grouped
MeanPredictor,study_grouped,0,27,-0.00013014634346708576,0.109543162838423,0.09323793333333333,21,16,study_grouped
MeanPredictor,study_grouped,0,28,-0.4260437183241339,0.08760608924053642,0.07115259374999999,48,16,study_grouped
MeanPredictor,study_grouped,0,29,-1.7562377839119847e-05,0.11245218467087903,0.0912953036199095,26,16,study_grouped
MeanPredictor,study_grouped,0,30,-0.7187545671812314,0.23236834307028473,0.18574289801121877,37,16,study_grouped
MeanPredictor,study_grouped,0,31,-0.5852060035049831,0.12513741031656941,0.10992815122064098,67,16,study_grouped
MeanPredictor,study_grouped,0,32,-0.18604753673470142,0.2093721369288735,0.16230607806826433,34,16,study_grouped
MeanPredictor,study_grouped,0,33,-0.08098027371134675,0.11161921763866627,0.09491504540911036,47,16,study_grouped
MeanPredictor,study_grouped,0,34,-0.0992981852452155,0.11173891656488105,0.09463547493058957,39,16,study_grouped
MeanPredictor,study_grouped,0,35,-0.4917619318693285,0.11220078065873186,0.10030750416666666,36,16,study_grouped
MeanPredictor,study_grouped,0,36,-0.15047910859564073,0.11852130743071321,0.08707699800133245,38,16,study_grouped
MeanPredictor,study_grouped,0,37,-0.04177113937819743,0.09300461995046559,0.07628899123383738,27,16,study_grouped
MeanPredictor,study_grouped,0,38,-0.12638861331597306,0.12079362013653691,0.10588687719548767,47,16,study_grouped
MeanPredictor,study_grouped,0,39,-0.0012829586499749634,0.11616349861625608,0.09234080013149244,27,16,study_grouped
RandomForest,row_wise,0,0,0.42828346262943673,0.10483913962983742,0.07634550288786077,40,25,factorial_aug0_row_wise
RandomForest,row_wise,0,1,0.5292388285224954,0.11187706472504615,0.0842845726031746,40,29,factorial_aug0_row_wise
RandomForest,row_wise,0,2,0.5034530255343526,0.11335680689157261,0.07982653115138887,40,28,factorial_aug0_row_wise
RandomForest,row_wise,0,3,0.11992151294201969,0.08054512892593813,0.05579649809709595,40,25,factorial_aug0_row_wise
RandomForest,row_wise,0,4,-0.24029876997169253,0.11027574801728822,0.07921364526803058,40,23,factorial_aug0_row_wise
RandomForest,row_wise,0,5,0.16901399062884004,0.10618444987426104,0.07690406863520648,40,32,factorial_aug0_row_wise
RandomForest,row_wise,0,6,0.06486418614572187,0.11782920548597482,0.08715879446094872,40,27,factorial_aug0_row_wise
RandomForest,row_wise,0,7,0.08007229326707643,0.11253373994405787,0.0742276794321068,40,25,factorial_aug0_row_wise
RandomForest,row_wise,0,8,0.2595687362432767,0.10428622283876862,0.06975784196823595,40,26,factorial_aug0_row_wise
RandomForest,row_wise,0,9,0.21055271974852785,0.10762524109747862,0.07608686233764436,40,26,factorial_aug0_row_wise
RandomForest,row_wise,0,10,0.2242324398167861,0.09590423620449562,0.07453119066125533,40,28,factorial_aug0_row_wise
RandomForest,row_wise,0,11,0.25230626845852866,0.10845441097895958,0.07988042159003768,40,31,factorial_aug0_row_wise
RandomForest,row_wise,0,12,0.5527100252443959,0.10303362385083278,0.07216876793118683,40,27,factorial_aug0_row_wise
RandomForest,row_wise,0,13,0.2233172006827817,0.12054036274504941,0.07863633102487516,40,23,factorial_aug0_row_wise
RandomForest,row_wise,0,14,0.3745933687103826,0.12738661190145245,0.09212981018154758,40,29,factorial_aug0_row_wise
RandomForest,row_wise,0,15,0.4627629965208495,0.1091288875822157,0.07986008568055551,40,28,factorial_aug0_row_wise
RandomForest,row_wise,0,16,-0.12933057689946215,0.11128621961917858,0.08083489307275368,40,26,factorial_aug0_row_wise
RandomForest,row_wise,0,17,0.23716009732626797,0.12728464961369282,0.09113946448329728,40,27,factorial_aug0_row_wise
RandomForest,row_wise,0,18,0.34375669363266026,0.11784202418138362,0.08460744714318187,40,32,factorial_aug0_row_wise
RandomForest,row_wise,0,19,0.13289854820231595,0.12127172581365957,0.0830475804119228,40,31,factorial_aug0_row_wise
RandomForest,row_wise,0,20,0.6847820370074764,0.08450563593349911,0.06055149193414768,40,26,factorial_aug0_row_wise
RandomForest,row_wise,0,21,0.16346147913335418,0.10948754333666887,0.08277009851408594,40,29,factorial_aug0_row_wise
RandomForest,row_wise,0,22,0.49505123120855854,0.10189653733572798,0.06633521962709238,40,28,factorial_aug0_row_wise
RandomForest,row_wise,0,23,-0.42471547900858875,0.13000407190528618,0.08443527564156257,40,29,factorial_aug0_row_wise
RandomForest,row_wise,0,24,0.41996677262352056,0.10065602064071119,0.07169799340387814,40,27,factorial_aug0_row_wise
RandomForest,row_wise,0,25,0.6018737550003561,0.08663798800220895,0.05893575972950941,40,27,factorial_aug0_row_wise
RandomForest,row_wise,0,26,0.4653443138188238,0.10704054690216447,0.07591703572527053,40,24,factorial_aug0_row_wise
RandomForest,row_wise,0,27,0.442963772830804,0.08464997138934686,0.05394011479516592,40,25,factorial_aug0_row_wise
RandomForest,row_wise,0,28,0.46824001532621595,0.10536659301471925,0.07532493821648631,40,30,factorial_aug0_row_wise
RandomForest,row_wise,0,29,0.35138420887979205,0.10092188588687498,0.07236014484959472,40,30,factorial_aug0_row_wise
RandomForest,row_wise,0,30,0.18704197946327905,0.09364839637325904,0.07499620629944086,40,25,factorial_aug0_row_wise
RandomForest,row_wise,0,31,0.31475788894514223,0.08393322776212084,0.061557616168307995,40,26,factorial_aug0_row_wise
RandomForest,row_wise,0,32,0.38738748635686715,0.1120682421429094,0.08607528991661266,40,27,factorial_aug0_row_wise
RandomForest,row_wise,0,33,0.36043159258273316,0.09427127886895409,0.07033820945167749,40,24,factorial_aug0_row_wise
RandomForest,row_wise,0,34,0.38881782840684276,0.09940110351805573,0.07150591323920943,40,34,factorial_aug0_row_wise
RandomForest,row_wise,0,35,0.36028294088591384,0.09334271456703025,0.06542417076515153,40,29,factorial_aug0_row_wise
RandomForest,row_wise,0,36,0.5613275146669101,0.09973922751478158,0.06697773730120847,40,26,factorial_aug0_row_wise
RandomForest,row_wise,0,37,0.34371778576625633,0.09712773067121847,0.07011665690597049,40,27,factorial_aug0_row_wise
RandomForest,row_wise,0,38,-0.012529073068882068,0.11955772004714335,0.09047772034359669,40,30,factorial_aug0_row_wise
RandomForest,row_wise,0,39,0.09230412920705133,0.12312574094599905,0.09229792512599208,40,26,factorial_aug0_row_wise
RandomForest,study_grouped,0,0,0.2501406323723152,0.0911963562089335,0.07535745582987838,32,16,factorial_aug0_study_grouped
RandomForest,study_grouped,0,1,0.0713291220698058,0.09882841282901149,0.08533032904867718,30,16,factorial_aug0_study_grouped
RandomForest,study_grouped,0,2,-0.06563204495786379,0.10112108164130194,0.07901923388816735,20,16,factorial_aug0_study_grouped
RandomForest,study_grouped,0,3,-0.0669925401433984,0.12107306716321531,0.09667048470445942,21,16,factorial_aug0_study_grouped
RandomForest,study_grouped,0,4,-0.08419196917794403,0.09036052942449455,0.06921431325304994,44,16,factorial_aug0_study_grouped
RandomForest,study_grouped,0,5,-0.8963800677108142,0.11154112925721626,0.08946631330290088,39,16,factorial_aug0_study_grouped
RandomForest,study_grouped,0,6,-0.10111427391740113,0.12048298553911893,0.0965228509434524,48,16,factorial_aug0_study_grouped
RandomForest,study_grouped,0,7,0.00020529215465470152,0.113961745444753,0.08665179288413509,49,16,factorial_aug0_study_grouped
RandomForest,study_grouped,0,8,-0.6217793425414482,0.22316926672660461,0.1551308238100761,39,16,factorial_aug0_study_grouped
RandomForest,study_grouped,0,9,0.1639141012634977,0.10768523420364111,0.08274625682894152,46,16,factorial_aug0_study_grouped
RandomForest,study_grouped,0,10,-0.386641618602382,0.11051794039531726,0.07874244069967903,55,16,factorial_aug0_study_grouped
RandomForest,study_grouped,0,11,-0.3866690101922927,0.10634724980865373,0.08092023104870137,28,16,factorial_aug0_study_grouped
RandomForest,study_grouped,0,12,0.1032991595011461,0.09390640941208817,0.07095561754691045,56,16,factorial_aug0_study_grouped
RandomForest,study_grouped,0,13,-0.5486694683851201,0.13667286374827123,0.11918126559615087,29,16,factorial_aug0_study_grouped
RandomForest,study_grouped,0,14,-0.14802276086751065,0.11232059500513764,0.08968880020655084,41,16,factorial_aug0_study_grouped
RandomForest,study_grouped,0,15,-0.09025748310133341,0.10893710654868413,0.08739212312008113,37,16,factorial_aug0_study_grouped
RandomForest,study_grouped,0,16,0.15340416069869922,0.07493309988266408,0.059159291333573706,36,16,factorial_aug0_study_grouped
RandomForest,study_grouped,0,17,-3.2092007609097486,0.12865378924034715,0.10612866089401773,27,16,factorial_aug0_study_grouped
RandomForest,study_grouped,0,18,-0.9484770827452418,0.2537332754600822,0.19436519651519818,31,16,factorial_aug0_study_grouped
RandomForest,study_grouped,0,19,-0.7770986907266613,0.12654738517353806,0.09721703109442424,30,16,factorial_aug0_study_grouped
RandomForest,study_grouped,0,20,-0.050210639847794614,0.09529399960676449,0.0761693973300175,47,16,factorial_aug0_study_grouped
RandomForest,study_grouped,0,21,-0.023586522491207074,0.08579453031215585,0.07432726828501998,53,16,factorial_aug0_study_grouped
RandomForest,study_grouped,0,22,-0.12352068782635706,0.13311979739895036,0.11024734612018251,29,16,factorial_aug0_study_grouped
RandomForest,study_grouped,0,23,0.39262374363955854,0.08652459099911282,0.07449626813136866,39,16,factorial_aug0_study_grouped
RandomForest,study_grouped,0,24,-0.932132419652971,0.14611914678297483,0.10994331981183543,20,16,factorial_aug0_study_grouped
RandomForest,study_grouped,0,25,-0.9724208053062329,0.15787195426172546,0.12101846109294577,36,16,factorial_aug0_study_grouped
RandomForest,study_grouped,0,26,-0.0036121221307650053,0.09960113974354115,0.08409283864538153,33,16,factorial_aug0_study_grouped
RandomForest,study_grouped,0,27,-0.126000842860853,0.11623217774030928,0.10466800418844906,21,16,factorial_aug0_study_grouped
RandomForest,study_grouped,0,28,-0.17851859361111289,0.07964088789168575,0.06306755986925815,48,16,factorial_aug0_study_grouped
RandomForest,study_grouped,0,29,-0.4692477654553173,0.13630494221190667,0.09512204950169273,26,16,factorial_aug0_study_grouped
RandomForest,study_grouped,0,30,-0.8826061802655285,0.2431922711813164,0.1822250670611326,37,16,factorial_aug0_study_grouped
RandomForest,study_grouped,0,31,-0.316016207932299,0.11401839622086693,0.08735592036632857,67,16,factorial_aug0_study_grouped
RandomForest,study_grouped,0,32,-0.7810573439242094,0.25657054040878335,0.20435822480392168,34,16,factorial_aug0_study_grouped
RandomForest,study_grouped,0,33,-0.6925167862394794,0.13966789317777809,0.09913048039355572,47,16,factorial_aug0_study_grouped
RandomForest,study_grouped,0,34,0.05706707407505607,0.1034873106656272,0.08619263830841382,39,16,factorial_aug0_study_grouped
RandomForest,study_grouped,0,35,-0.2014708514615664,0.10069380170205905,0.08766199898969856,36,16,factorial_aug0_study_grouped
RandomForest,study_grouped,0,36,-0.2196321684768674,0.12203137381355597,0.09259315172009563,38,16,factorial_aug0_study_grouped
RandomForest,study_grouped,0,37,-1.0099619933573436,0.12918505789803236,0.11094762765239509,27,16,factorial_aug0_study_grouped
RandomForest,study_grouped,0,38,0.275188191115762,0.09689748423303104,0.07581571803896693,47,16,factorial_aug0_study_grouped
RandomForest,study_grouped,0,39,0.3464439475983071,0.09384965743488016,0.06914020233822354,27,16,factorial_aug0_study_grouped
RandomForest,row_wise,1,0,0.7390660255904522,0.060109511069755754,0.04340732615156753,79,44,factorial_aug1_row_wise
RandomForest,row_wise,1,1,0.5935819965975118,0.07403990009747602,0.04878817128715587,79,38,factorial_aug1_row_wise
RandomForest,row_wise,1,2,0.5702209885195221,0.09693085149950022,0.06293434904667837,79,44,factorial_aug1_row_wise
RandomForest,row_wise,1,3,0.6997276876064022,0.0790354353260664,0.05628467542279734,79,42,factorial_aug1_row_wise
RandomForest,row_wise,1,4,0.39019772646551465,0.08867417854463135,0.060486060277613884,79,40,factorial_aug1_row_wise
RandomForest,row_wise,1,5,0.5850555351615647,0.08919689676552277,0.06113464329912979,79,51,factorial_aug1_row_wise
RandomForest,row_wise,1,6,0.7796990365287769,0.06457414860346468,0.048373015682164545,79,42,factorial_aug1_row_wise
RandomForest,row_wise,1,7,0.7124917151483242,0.07110273981682784,0.0494926160771027,79,41,factorial_aug1_row_wise
RandomForest,row_wise,1,8,0.6383906617558606,0.08369945860129432,0.05472888302410281,79,39,factorial_aug1_row_wise
RandomForest,row_wise,1,9,0.7647543960187737,0.05671599487633467,0.041593282529994946,79,37,factorial_aug1_row_wise
RandomForest,row_wise,1,10,0.6610533267878159,0.07652127684127352,0.0538450425152274,79,44,factorial_aug1_row_wise
RandomForest,row_wise,1,11,0.6045314103704695,0.08723942823019974,0.060274278177040626,79,43,factorial_aug1_row_wise
RandomForest,row_wise,1,12,0.6045033200768225,0.08313538235257333,0.05784679886840106,79,37,factorial_aug1_row_wise
RandomForest,row_wise,1,13,0.7173218361851305,0.06027981164974697,0.04544956256151343,79,46,factorial_aug1_row_wise
RandomForest,row_wise,1,14,0.7253205129971254,0.060854982885767135,0.045519219297584526,79,43,factorial_aug1_row_wise
RandomForest,row_wise,1,15,0.6663170564765024,0.07847058403120726,0.05510779337577631,79,39,factorial_aug1_row_wise
RandomForest,row_wise,1,16,0.760669256718413,0.06992129326310491,0.050566703599812066,79,41,factorial_aug1_row_wise
RandomForest,row_wise,1,17,0.6491049188096282,0.08435342495232866,0.057228699548376255,79,36,factorial_aug1_row_wise
RandomForest,row_wise,1,18,0.5490403819409816,0.09291977219251091,0.06281946797587043,79,39,factorial_aug1_row_wise
RandomForest,row_wise,1,19,0.8030874779786425,0.053101379377769604,0.03808128124632089,79,40,factorial_aug1_row_wise
RandomForest,row_wise,1,20,0.6572376140668963,0.060867352460725464,0.04360462427269219,79,41,factorial_aug1_row_wise
RandomForest,row_wise,1,21,0.7079985636379059,0.0802227747555514,0.053921978277349895,79,42,factorial_aug1_row_wise
RandomForest,row_wise,1,22,0.5807453520318266,0.09266612172415507,0.057571295820013024,79,43,factorial_aug1_row_wise
RandomForest,row_wise,1,23,0.6625013717751976,0.0777125647181058,0.04850573015031823,79,41,factorial_aug1_row_wise
RandomForest,row_wise,1,24,0.5478012838817349,0.0734471859039233,0.05453767297710615,79,46,factorial_aug1_row_wise
RandomForest,row_wise,1,25,0.6369901151126478,0.0783181727242723,0.05329731150935688,79,34,factorial_aug1_row_wise
RandomForest,row_wise,1,26,0.7580670610380188,0.07475773526208229,0.053688236150630585,79,47,factorial_aug1_row_wise
RandomForest,row_wise,1,27,0.6776292604954883,0.06869801407808643,0.04895455375225682,79,46,factorial_aug1_row_wise
RandomForest,row_wise,1,28,0.745960167128285,0.07732054478413562,0.05338547493505905,79,42,factorial_aug1_row_wise
RandomForest,row_wise,1,29,0.532409507428178,0.09996083314490713,0.0601093330004411,79,47,factorial_aug1_row_wise
RandomForest,row_wise,1,30,0.5724784904842892,0.08103110825702711,0.05507807132913391,79,42,factorial_aug1_row_wise
RandomForest,row_wise,1,31,0.5520067742262007,0.07948908447866146,0.05643638332318195,79,45,factorial_aug1_row_wise
RandomForest,row_wise,1,32,0.6108660939142528,0.0812584568134149,0.05363122111046632,79,41,factorial_aug1_row_wise
RandomForest,row_wise,1,33,0.7176904476867301,0.08118343625486989,0.05453199372837664,79,43,factorial_aug1_row_wise
RandomForest,row_wise,1,34,0.7774330121272333,0.06221582064272581,0.04692285215139748,79,47,factorial_aug1_row_wise
RandomForest,row_wise,1,35,0.6431145622827485,0.07953763178573796,0.052939109593425134,79,44,factorial_aug1_row_wise
RandomForest,row_wise,1,36,0.5781408981942493,0.0845386330886437,0.055583346502083304,79,44,factorial_aug1_row_wise
RandomForest,row_wise,1,37,0.5841718691139273,0.07058220289153623,0.0496560071366318,79,39,factorial_aug1_row_wise
RandomForest,row_wise,1,38,0.8323498229302724,0.06376796933130702,0.04510840955906936,79,39,factorial_aug1_row_wise
RandomForest,row_wise,1,39,0.6724696531483455,0.0665764211986529,0.04892793502984748,79,36,factorial_aug1_row_wise
RandomForest,study_grouped,1,0,0.16869137474097895,0.09559333800732184,0.07744267824102882,64,16,factorial_aug1_study_grouped
RandomForest,study_grouped,1,1,-0.04943820917799102,0.10557612966889722,0.090779151033229,60,16,factorial_aug1_study_grouped
RandomForest,study_grouped,1,2,-0.17130786450969215,0.1063754822120831,0.08165195131789779,40,16,factorial_aug1_study_grouped
RandomForest,study_grouped,1,3,-0.09311002130523316,0.12319252581328294,0.09786405835207342,42,16,factorial_aug1_study_grouped
RandomForest,study_grouped,1,4,-0.10431941147007051,0.09168931595118271,0.07302234435525869,88,16,factorial_aug1_study_grouped
RandomForest,study_grouped,1,5,-0.5828338499004171,0.1019499006049977,0.08017792038237083,78,16,factorial_aug1_study_grouped
RandomForest,study_grouped,1,6,0.0050960207580174055,0.1148260077088604,0.09165268329451198,96,16,factorial_aug1_study_grouped
RandomForest,study_grouped,1,7,0.07506647569794755,0.10960427399334563,0.08152762761142186,98,16,factorial_aug1_study_grouped
RandomForest,study_grouped,1,8,-0.6029822706444758,0.22139322649042725,0.15672552197820985,78,16,factorial_aug1_study_grouped
RandomForest,study_grouped,1,9,0.1768544355422147,0.10668617481827945,0.08241721594111875,92,16,factorial_aug1_study_grouped
RandomForest,study_grouped,1,10,-0.2731441639529695,0.106197847500781,0.07592646134879512,110,16,factorial_aug1_study_grouped
RandomForest,study_grouped,1,11,-0.5509238704688826,0.1122892985395949,0.08272437627768887,56,16,factorial_aug1_study_grouped
RandomForest,study_grouped,1,12,0.0384158014117556,0.09748687810240224,0.07097370345005274,112,16,factorial_aug1_study_grouped
RandomForest,study_grouped,1,13,-0.6292377902251918,0.138730117637827,0.1178524072795895,58,16,factorial_aug1_study_grouped
RandomForest,study_grouped,1,14,-0.09881457828825213,0.11084223372160441,0.08875489318664391,82,16,factorial_aug1_study_grouped
RandomForest,study_grouped,1,15,-0.03232275806989282,0.10692335228331087,0.08384668359335543,74,16,factorial_aug1_study_grouped
RandomForest,study_grouped,1,16,0.05664905299667011,0.07988843031746605,0.05961492212231187,72,16,factorial_aug1_study_grouped
RandomForest,study_grouped,1,17,-3.467720054257513,0.13197392055423143,0.1058366049594755,54,16,factorial_aug1_study_grouped
RandomForest,study_grouped,1,18,-0.971204733266438,0.25521983798528564,0.19556608045495896,62,16,factorial_aug1_study_grouped
RandomForest,study_grouped,1,19,-0.7957058043513046,0.1277409288471308,0.10014090372259972,60,16,factorial_aug1_study_grouped
RandomForest,study_grouped,1,20,-0.12398654407536958,0.09902759275066175,0.0751617928616138,94,16,factorial_aug1_study_grouped
RandomForest,study_grouped,1,21,0.06909411028223056,0.08206049949953499,0.07081223714012923,106,16,factorial_aug1_study_grouped
RandomForest,study_grouped,1,22,-0.12586639661925214,0.13392485672790969,0.11165571860302044,58,16,factorial_aug1_study_grouped
RandomForest,study_grouped,1,23,0.43332658879736163,0.08388250524468253,0.06975946679640341,78,16,factorial_aug1_study_grouped
RandomForest,study_grouped,1,24,-1.0226043833209646,0.14822238253665979,0.10841502603263278,40,16,factorial_aug1_study_grouped
RandomForest,study_grouped,1,25,-0.9833633024449739,0.1587124078327587,0.11731176435127239,72,16,factorial_aug1_study_grouped
RandomForest,study_grouped,1,26,0.13124203481139673,0.09226272848314218,0.0764385100905523,66,16,factorial_aug1_study_grouped
RandomForest,study_grouped,1,27,-0.13160149300985324,0.11527836222712104,0.10036836585633939,42,16,factorial_aug1_study_grouped
RandomForest,study_grouped,1,28,-0.5294977094461881,0.09128860883086083,0.07042539359312881,96,16,factorial_aug1_study_grouped
RandomForest,study_grouped,1,29,-0.5570264158804386,0.13983195120468705,0.09929810017054444,52,16,factorial_aug1_study_grouped
RandomForest,study_grouped,1,30,-0.8682261161697213,0.242092725853885,0.18085133847538234,74,16,factorial_aug1_study_grouped
RandomForest,study_grouped,1,31,-0.19671732015471344,0.10893900898641648,0.08284695766592969,134,16,factorial_aug1_study_grouped
RandomForest,study_grouped,1,32,-0.8247797878193157,0.2595819677678907,0.20963560784021537,68,16,factorial_aug1_study_grouped
RandomForest,study_grouped,1,33,-0.7352773492227012,0.14022694223109025,0.09793123131867539,94,16,factorial_aug1_study_grouped
RandomForest,study_grouped,1,34,-0.03916144428619539,0.10821291967581564,0.08946383309299726,78,16,factorial_aug1_study_grouped
RandomForest,study_grouped,1,35,-0.3935947508210169,0.10852745127813625,0.09206827891992063,72,16,factorial_aug1_study_grouped
RandomForest,study_grouped,1,36,-0.40669593965629014,0.13094434088157417,0.0980608408126664,76,16,factorial_aug1_study_grouped
RandomForest,study_grouped,1,37,-1.1284320949385904,0.1332400893704988,0.11234397499756622,54,16,factorial_aug1_study_grouped
RandomForest,study_grouped,1,38,0.31851985595722965,0.09358834561971717,0.06951148158865036,94,16,factorial_aug1_study_grouped
RandomForest,study_grouped,1,39,0.30134755323785367,0.09724304759009401,0.0705808599235639,54,16,factorial_aug1_study_grouped
