resample,study,n,study_mean,dist_from_train_mean,mae
0,"Lee et al., 2014",3,0.08276666666666667,0.07399571301247769,0.05347769583333294
0,"Ghimire et al., 2015",4,0.0995,0.057262379679144354,0.06948806202268203
0,"Fan et al., 2005",3,0.071,0.08576237967914437,0.033040116091269923
0,"Veeravalli et al., 2014",1,0.3185,0.16173762032085565,0.24150440999999997
0,"Jain et al., 2022",1,0.3732,0.21643762032085562,0.18357961666666583
0,"Massanet-Nicolau et al., 2009",1,0.027,0.12976237967914436,0.028901602765567778
0,"Albuquerque et al., 2024",11,0.11996454545454545,0.03679783422459891,0.05994673078048336
0,"Chen et al., 2007",1,0.1539,0.00286237967914435,0.003059446428571838
0,"Cai et al., 2004b",1,0.31,0.15323762032085564,0.2039653048809521
0,"Lee et al., 2009",1,0.148,0.008762379679144366,0.1431096000000008
0,"Yang et al., 2006",1,0.1045,0.05226237967914436,0.06486979791666662
0,"Panagiotopoulos et al., 2010",4,0.307925,0.15116262032085565,0.052875000000000005
0,"Nam et al., 2015",1,0.062,0.09476237967914436,0.03354511023809542
0,"Zhi & Wang, 2014",1,0.00098,0.15578237967914435,0.051873104880050515
0,"Kumar & Das, 2000b",1,0.2737,0.11693762032085564,0.061293138333332775
0,"Zahedi et al., 2012",1,0.052,0.10476237967914437,0.17813320083333303
0,"Han et al., 2014",1,0.2167,0.059937620320855645,0.0058629583333331126
1,"Kumar & Das, 2000b",1,0.2737,0.1257518693181818,0.021127207261903758
1,"Liu et al., 2015",2,0.061,0.0869481306818182,0.07212650089285741
1,"Slezak et al., 2017",1,0.076,0.0719481306818182,0.010912227803030083
1,"Kargi et al., 2012",2,0.111,0.036948130681818195,0.01583213506673889
1,"Ghimire et al., 2015",4,0.0995,0.04844813068181819,0.05170700833333338
1,"Liu et al., 2009",1,0.0249,0.12304813068181819,0.10905231247023775
1,"Li et al., 2020",1,0.007,0.1409481306818182,0.1586285796825398
1,"Łukajtis et al., 2018",7,0.18394714285714286,0.03599901217532467,0.13412770391446846
1,"Pendyala et al., 2012",1,0.056,0.0919481306818182,0.04233468397435839
1,"Kargi & Pamukoglu, 2009",1,0.3857,0.2377518693181818,0.15915768749999942
1,"Zagklis et al., 2021",2,0.1431,0.004848130681818191,0.05766351342757932
1,"Morimoto et al., 2003",1,0.2613,0.11335186931818178,0.12531271416666734
1,"Trad et al., 2015",3,0.11396666666666666,0.033981464015151536,0.050639477185846764
1,"Shen et al., 2010",1,0.19276,0.04481186931818179,0.055269278611110945
1,"Cao et al., 2014",4,0.0486735,0.09927463068181819,0.07398247715435612
1,"Zahedi et al., 2012",1,0.052,0.0959481306818182,0.18368267787698375
1,"Okonkwo, 2019",15,0.30300000000000005,0.15505186931818185,0.11441418333725065
2,"Gavala et al., 2005",1,0.0463,0.09935093373493975,0.2529561700144306
2,"Liu et al., 2015",2,0.061,0.08465093373493976,0.053500000000000006
2,"Ghimire et al., 2015",4,0.0995,0.04615093373493975,0.056208168407738096
2,"Tapia-Venegas et al., 2012",1,0.3359,0.19024906626506022,0.14283921833333282
2,"Akhbari & Ibrahim, 2022",11,0.05910636363636364,0.08654457009857612,0.10142855803381225
2,"Fang & Liu, 2002",1,0.2613,0.11564906626506022,0.05333285999999915
2,"Gonzales et al., 2016",3,0.1327,0.012950933734939746,0.03788480365740741
2,"Chaganti et al., 2012",1,0.056,0.08965093373493976,0.07433226166666651
2,"Li et al., 2020",1,0.007,0.13865093373493975,0.1465374720714288
2,"Łukajtis et al., 2018",7,0.18394714285714286,0.038296209122203106,0.1427988481502268
2,"Chen et al., 2007",1,0.1539,0.008249066265060251,0.0024889375000005654
2,"Zagklis et al., 2021",2,0.1431,0.002550933734939753,0.0687806039186508
2,"Panagiotopoulos et al., 2010",4,0.307925,0.16227406626506025,0.21921539819624827
2,"Mandal et al., 2006",2,0.3608,0.21514906626506025,0.28800831249999986
2,"Nam et al., 2015",1,0.062,0.08365093373493976,0.0383122417857146
2,"Chen et al., 2012",1,0.0248,0.12085093373493976,0.1682014806164531
2,"Okonkwo, 2019",15,0.30300000000000005,0.1573490662650603,0.12777425805402914
3,"Kargi et al., 2012",2,0.111,0.06567247093023253,0.01716277322240265
3,"Chang et al., 2010",1,0.2264,0.04972752906976746,0.15031032500000002
3,"Fang & Liu, 2002",1,0.2613,0.08462752906976745,0.0505299899999995
3,"Liu et al., 2009",1,0.0249,0.15177247093023252,0.15694994166666604
3,"Cai et al., 2009",1,0.0072,0.16947247093023252,0.13711990916666617
3,"Li et al., 2020",1,0.007,0.16967247093023252,0.08986151408333344
3,"Massanet-Nicolau et al., 2009",1,0.027,0.14967247093023253,0.0498133520833334
3,"Tang et al., 2008",1,0.319,0.14232752906976748,0.23950963452380958
3,"Jariyaboon et al., 2023",3,0.1069,0.06977247093023253,0.0742002726202506
3,"Cai et al., 2004b",1,0.31,0.13332752906976747,0.1788259145833329
3,"Yang et al., 2006",1,0.1045,0.07217247093023253,0.11674733166666691
3,"Ivanova et al., 2009",6,0.025778333333333337,0.15089413759689918,0.10144369701388861
3,"Panagiotopoulos et al., 2010",4,0.307925,0.13125252906976748,0.053813904761905035
3,"Kargi & Pamukoglu, 2009",1,0.3857,0.20902752906976746,0.17294635565476177
3,"Martins et al., 2022",3,0.00944,0.16723247093023252,0.2407846950000003
3,"Baeyens et al., 2020",2,0.2872,0.11052752906976748,0.12043438845238105
3,"Cárdenas et al., 2018",22,0.007872727272727273,0.16879974365750525,0.12503911661181624
4,"Geng et al., 2010",1,0.1692,0.007682957446808525,0.027658031250000353
4,"Slezak et al., 2017",1,0.076,0.08551704255319147,0.010037306676587018
4,"Ghimire et al., 2015",4,0.0995,0.06201704255319146,0.04442549930307542
4,"Azbar et al., 2009",3,0.19799033333333335,0.03647329078014189,0.045344746081349245
4,"Liu et al., 2009",1,0.0249,0.13661704255319146,0.16908060535714234
4,"Alzate-Gaviria et al., 2007",1,0.099,0.06251704255319146,0.04361157497023815
4,"Tang et al., 2008",1,0.319,0.15748295744680854,0.2367437352380954
4,"Rydén & Lyngfelt, 2006",1,0.00102,0.16049704255319147,0.06307958069805214
4,"Pan et al., 2008",2,0.048,0.11351704255319146,0.08672800651785707
4,"Pendyala et al., 2012",1,0.056,0.10551704255319147,0.041554444444443873
4,"Kargi & Pamukoglu, 2009",1,0.3857,0.22418295744680852,0.15792375357142804
4,"Di Perta et al., 2022",11,0.1261818181818182,0.035335224371373264,0.07144678172979789
4,"Zhang et al., 2006",2,0.14969,0.011827042553191475,0.027155428788690546
4,"Trad et al., 2015",3,0.11396666666666666,0.047550375886524804,0.07020996526984145
4,"Zhi & Wang, 2014",1,0.00098,0.16053704255319146,0.030663227346195462
4,"Chen et al., 2012",1,0.0248,0.13671704255319148,0.16829702006909744
4,"Dounavis et al., 2015",1,0.1266,0.034917042553191474,0.03611605031746004
5,"Kumar & Das, 2000b",1,0.2737,0.09757027683615818,0.07134822738095198
5,"Geng et al., 2010",1,0.1692,0.006929723163841828,0.013991337261905129
5,"Lee et al., 2014",3,0.08276666666666667,0.09336305649717515,0.047998967954545245
5,"Tapia-Venegas et al., 2012",1,0.3359,0.15977027683615816,0.13090891005952365
5,"Chang et al., 2010",1,0.2264,0.05027027683615817,0.15682928333333335
5,"Fang & Liu, 2002",1,0.2613,0.08517027683615816,0.05048087880952304
5,"Gonzales et al., 2016",3,0.1327,0.043429723163841805,0.026034787351190424
5,"Dounavis et al., 2015",1,0.1266,0.04952972316384183,0.03560249999999984
5,"Li et al., 2020",1,0.007,0.1691297231638418,0.15955468666666694
5,"Jain et al., 2022",1,0.3732,0.19707027683615816,0.18558846785714186
5,"Chen et al., 2007",1,0.1539,0.022229723163841808,0.02136454571428606
5,"Morimoto et al., 2003",1,0.2613,0.08517027683615816,0.1356627958333334
5,"Fan et al., 2005",3,0.071,0.10512972316384182,0.04011477740740745
5,"Cao et al., 2014",4,0.0486735,0.1274562231638418,0.09468918213541691
5,"Zahedi et al., 2012",1,0.052,0.12412972316384183,0.1887718316666662
5,"Kim, 2004",1,0.1229,0.05322972316384182,0.03052969784722205
5,"Cárdenas et al., 2018",22,0.007872727272727273,0.16825699589111454,0.13410654306721065
6,"Liu et al., 2015",2,0.061,0.11816540935672515,0.05984756431818202
6,"Sun et al., 2014",1,0.2737,0.09453459064327485,0.06643132499999987
6,"Tapia-Venegas et al., 2012",1,0.3359,0.15673459064327483,0.12426606749999972
6,"Akhbari & Ibrahim, 2022",11,0.05910636363636364,0.12005904572036151,0.09672014301375388
6,"Fang & Liu, 2002",1,0.2613,0.08213459064327483,0.03343059916666602
6,"Gómez et al., 2006",1,0.0713,0.10786540935672514,0.07016396583333348
6,"Liu et al., 2009",1,0.0249,0.15426540935672514,0.23200477976190423
6,"Cai et al., 2009",1,0.0072,0.17196540935672514,0.18498888333333285
6,"Chen et al., 2007",1,0.1539,0.025265409356725138,0.017002648214286126
6,"Levin et al., 2006",2,0.14865,0.030515409356725143,0.1470514113333332
6,"Lee et al., 2006",1,0.128,0.051165409356725144,0.06372080416666703
6,"Morimoto et al., 2003",1,0.2613,0.08213459064327483,0.12909602500000023
6,"Trad et al., 2015",3,0.11396666666666666,0.06519874269005849,0.07843314063492086
6,"Mars et al., 2010",2,0.3415,0.16233459064327488,0.0997869130952373
6,"Dounavis et al., 2015",1,0.1266,0.05256540935672516,0.06456667232142832
6,"Han et al., 2014",1,0.2167,0.03753459064327486,0.018298902499999464
6,"Cárdenas et al., 2018",22,0.007872727272727273,0.17129268208399787,0.10570498827922087
7,"Ghimire et al., 2015",4,0.0995,0.0808091717791411,0.06990814430253414
7,"Kargi et al., 2012",2,0.111,0.0693091717791411,0.015657429250991874
7,"Chang et al., 2010",1,0.2264,0.04609082822085889,0.12047609260101076
7,"Chaganti et al., 2012",1,0.056,0.12430917177914111,0.04854642916666644
7,"Chu et al., 2012",1,0.066,0.1143091717791411,0.14287076360722642
7,"Luo et al., 2010",2,0.06005,0.12025917177914111,0.2179413832231662
7,"Derdiche et al., 2025",5,0.06497,0.1153391717791411,0.04455562195507275
7,"Pendyala et al., 2012",1,0.056,0.12430917177914111,0.043826000732322505
7,"Chen et al., 2007",1,0.1539,0.026409171779141094,0.021923913988094706
7,"Albuquerque et al., 2024",11,0.11996454545454545,0.060344626324595654,0.06917727178025636
7,"Zagklis et al., 2021",2,0.1431,0.0372091717791411,0.10958361768398303
7,"Panagiotopoulos et al., 2010",4,0.307925,0.1276158282208589,0.052875000000000005
7,"Lee et al., 2006",1,0.128,0.0523091717791411,0.05732111250000027
7,"Kumar & Das, 2000b",1,0.2737,0.0933908282208589,0.05213333809523765
7,"Han et al., 2014",1,0.2167,0.0363908282208589,0.02155845416666674
7,"Kim, 2004",1,0.1229,0.05740917177914111,0.031234080684523727
7,"Cárdenas et al., 2018",22,0.007872727272727273,0.17243644450641382,0.13700830478649517
8,"Akinbomi & Taherzadeh, 2015",9,0.46588888888888896,0.32646276251526263,0.42440408870370355
8,"Alibardi & Cossu, 2014",4,0.060000000000000005,0.07942612637362637,0.06304559007508125
8,"Collet, 2004",2,0.07365,0.06577612637362637,0.2579370270833334
8,"Kargi et al., 2012",2,0.111,0.028426126373626362,0.01089781698412702
8,"Chang et al., 2010",1,0.2264,0.08697387362637363,0.1523682083333333
8,"Fang & Liu, 2002",1,0.2613,0.12187387362637361,0.01908648166666596
8,"Nguyen et al., 2008",1,0.2737,0.13427387362637364,0.12353193776785706
8,"Gómez et al., 2006",1,0.0713,0.06812612637362636,0.04047448247619054
8,"Veeravalli et al., 2014",1,0.3185,0.17907387362637364,0.23792217491666662
8,"Levin et al., 2006",2,0.14865,0.009223873626373641,0.16466613507142858
8,"Di Perta et al., 2022",11,0.1261818181818182,0.013244308191808163,0.06457738683835101
8,"Mandal et al., 2006",2,0.3608,0.22137387362637365,0.15272596499999996
8,"Morimoto et al., 2003",1,0.2613,0.12187387362637361,0.12451696666666656
8,"Kargi & Pamukoglu, 2009",1,0.3857,0.24627387362637362,0.2136440604166665
8,"Nathao et al., 2013",1,0.057,0.08242612637362637,0.02929269496428575
8,"Kumar & Das, 2000b",1,0.2737,0.13427387362637364,0.06069536815476137
8,"Zahedi et al., 2012",1,0.052,0.08742612637362637,0.17969952613095216
9,"Alibardi & Cossu, 2014",4,0.060000000000000005,0.11315694078947366,0.07446086338541669
9,"Liu et al., 2015",2,0.061,0.11215694078947366,0.053500000000000006
9,"Kotsopoulos et al., 2006",1,0.3073,0.13414305921052636,0.1128544325000003
9,"Geng et al., 2010",1,0.1692,0.003956940789473673,0.02188993333333386
9,"Gonzales et al., 2016",3,0.1327,0.04045694078947365,0.05484294361111103
9,"Nguyen et al., 2008",1,0.2737,0.10054305921052634,0.07549789624999967
9,"Liu et al., 2009",1,0.0249,0.14825694078947366,0.2371037166666666
9,"Jariyaboon et al., 2023",3,0.1069,0.06625694078947367,0.0627824067130743
9,"Łukajtis et al., 2018",7,0.18394714285714286,0.010790202067669202,0.1282581618547722
9,"Pan et al., 2008",2,0.048,0.12515694078947365,0.10189121444940472
9,"Pendyala et al., 2012",1,0.056,0.11715694078947367,0.04977739749999938
9,"Lee et al., 2009",1,0.148,0.02515694078947367,0.09820968083333398
9,"Ivanova et al., 2009",6,0.025778333333333337,0.14737860745614031,0.0862401002083329
9,"Ergal et al., 2022",14,0.2817928571428571,0.10863591635338346,0.14099425658588438
9,"Mars et al., 2010",2,0.3415,0.16834305921052636,0.09949333124999918
9,"Gavala et al., 2005",1,0.0463,0.12685694078947365,0.14104409437085116
9,"Cárdenas et al., 2018",22,0.007872727272727273,0.16528421351674638,0.08241905709415602
10,"Alibardi & Cossu, 2014",4,0.060000000000000005,0.09510814705882353,0.055661973376623375
10,"Liu et al., 2015",2,0.061,0.09410814705882353,0.0535
10,"Kotsopoulos et al., 2006",1,0.3073,0.1521918529411765,0.08470854226190458
10,"Slezak et al., 2017",1,0.076,0.07910814705882353,0.0104253404906203
10,"Geng et al., 2010",1,0.1692,0.014091852941176458,0.016016529666666585
10,"Li et al., 2020",1,0.007,0.14810814705882352,0.09226402833333337
10,"Jariyaboon et al., 2023",3,0.1069,0.048208147058823536,0.0774924587741707
10,"Lin & Chang, 2003",1,0.2115,0.05639185294117646,0.08089620833333364
10,"Massanet-Nicolau et al., 2009",1,0.027,0.12810814705882353,0.0696094764466089
10,"Lee et al., 2009",1,0.148,0.0071081470588235385,0.12646294583333392
10,"Levin et al., 2006",2,0.14865,0.006458147058823527,0.09453375158928541
10,"Zagklis et al., 2021",2,0.1431,0.012008147058823526,0.07477103011634206
10,"Ivanova et al., 2009",6,0.025778333333333337,0.12932981372549018,0.09357123237301553
10,"Di Perta et al., 2022",11,0.1261818181818182,0.02892632887700533,0.06191452196248191
10,"Baeyens et al., 2020",2,0.2872,0.13209185294117648,0.13898970111111114
10,"Kim, 2004",1,0.1229,0.032208147058823536,0.047899310099206366
10,"Ergal et al., 2022",14,0.2817928571428571,0.1266847100840336,0.1320065852760384
11,"Geng et al., 2010",1,0.1692,0.012505182291666667,0.01980717569444493
11,"Kotsopoulos et al., 2006",1,0.3073,0.1506051822916667,0.14305011125000044
11,"Slezak et al., 2017",1,0.076,0.08069481770833332,0.034361088201659486
11,"Tapia-Venegas et al., 2012",1,0.3359,0.17920518229166665,0.10194682083333298
11,"Kargi et al., 2012",2,0.111,0.04569481770833332,0.01539968067460317
11,"Mars et al., 2010",2,0.3415,0.1848051822916667,0.09888635773809445
11,"Gómez et al., 2006",1,0.0713,0.08539481770833332,0.018215932305555474
11,"Shen et al., 2010",1,0.19276,0.036065182291666664,0.05718456081349174
11,"Cai et al., 2009",1,0.0072,0.1494948177083333,0.12343034583333297
11,"Tang et al., 2008",1,0.319,0.16230518229166668,0.2251801512500003
11,"Albuquerque et al., 2024",11,0.11996454545454545,0.036730272253787874,0.044126972998409376
11,"Lee et al., 2009",1,0.148,0.00869481770833333,0.16681039750000157
11,"Lee et al., 2006",1,0.128,0.02869481770833332,0.0531843333333335
11,"Zhang et al., 2006",2,0.14969,0.007004817708333333,0.03412246681349214
11,"Nam et al., 2015",1,0.062,0.09469481770833332,0.04555805750000015
11,"Fan et al., 2005",3,0.071,0.08569481770833333,0.0277207559563494
11,"Dounavis et al., 2015",1,0.1266,0.030094817708333332,0.04305059244047607
12,"Lee et al., 2014",3,0.08276666666666667,0.07032177083333334,0.038938002083333145
12,"Chang et al., 2010",1,0.2264,0.07331156249999998,0.15884175189393945
12,"Fang & Liu, 2002",1,0.2613,0.10821156249999997,0.008111999166665995
12,"Gonzales et al., 2016",3,0.1327,0.020388437499999995,0.024072647499999985
12,"Liu et al., 2009",1,0.0249,0.1281884375,0.2044156172916663
12,"Tang et al., 2008",1,0.319,0.1659115625,0.2189175248809525
12,"Rydén & Lyngfelt, 2006",1,0.00102,0.15206843750000001,0.10160000250000009
12,"Cai et al., 2004b",1,0.31,0.1569115625,0.20894770124999984
12,"Levin et al., 2006",2,0.14865,0.004438437500000003,0.07345079502083306
12,"Di Perta et al., 2022",11,0.1261818181818182,0.026906619318181807,0.06146610633116882
12,"Nam et al., 2015",1,0.062,0.09108843750000001,0.0095317104166667
12,"Ito et al., 2005",1,0.2726,0.1195115625,0.14422596732142848
12,"Okonkwo, 2019",15,0.30300000000000005,0.14991156250000004,0.12183030561557227
12,"Ergal et al., 2022",14,0.2817928571428571,0.12870441964285712,0.14631772113520422
12,"Bundhoo et al., 2015",1,0.2239,0.07081156249999998,0.02381711190476174
12,"Chen et al., 2012",1,0.0248,0.12828843750000002,0.13907029009379487
12,"Cárdenas et al., 2018",22,0.007872727272727273,0.14521571022727273,0.11608451321428583
13,"Ghimire et al., 2015",4,0.0995,0.05106537837837838,0.04985374039682547
13,"Shen et al., 2010",1,0.19276,0.0421946216216216,0.038193017460317336
13,"Gómez et al., 2006",1,0.0713,0.07926537837837838,0.07946153541666662
13,"Liu et al., 2009",1,0.0249,0.12566537837837838,0.21819839120039633
13,"Alzate-Gaviria et al., 2007",1,0.099,0.05156537837837838,0.00019254872023802272
13,"Rydén & Lyngfelt, 2006",1,0.00102,0.1495453783783784,0.06581903632936534
13,"Pan et al., 2008",2,0.048,0.10256537837837838,0.06911605256944425
13,"Levin et al., 2006",2,0.14865,0.0019153783783783795,0.05823450624999973
13,"Zagklis et al., 2021",2,0.1431,0.007465378378378379,0.05659363268849206
13,"Lee et al., 2006",1,0.128,0.02256537837837838,0.015890175992063105
13,"Nam et al., 2015",1,0.062,0.08856537837837838,0.044360062480159085
13,"Trad et al., 2015",3,0.11396666666666666,0.03659871171171172,0.05709885994179902
13,"Zhi & Wang, 2014",1,0.00098,0.14958537837837838,0.03316843209006269
13,"Kim, 2004",1,0.1229,0.02766537837837839,0.033612639652777776
13,"Chen et al., 2012",1,0.0248,0.1257653783783784,0.1797976697351261
13,"Wang & Wan, 2008",1,0.219,0.06843462162162162,0.15131922571428558
13,"Okonkwo, 2019",15,0.30300000000000005,0.15243462162162166,0.10531444545808169
14,"Liu et al., 2015",2,0.061,0.09528806010928964,0.18746152468739607
14,"Kargi et al., 2012",2,0.111,0.04528806010928964,0.012638413898809465
14,"Fang et al., 2005",1,0.346,0.18971193989071033,0.25570577113816717
14,"Fang & Liu, 2002",1,0.2613,0.10501193989071034,0.04646357758852193
14,"Kontodimos et al., 2025",2,0.00715,0.14913806010928965,0.2823250141732716
14,"Gómez et al., 2006",1,0.0713,0.08498806010928964,0.07368335000000001
14,"Wang & Yin, 2018",1,0.016,0.14028806010928963,0.13456030041666683
14,"Lin & Chang, 2003",1,0.2115,0.055211939890710354,0.024670449633699992
14,"Jariyaboon et al., 2023",3,0.1069,0.049388060109289644,0.07748840395634947
14,"Łukajtis et al., 2018",7,0.18394714285714286,0.027659082747853225,0.12297686827780327
14,"Cai et al., 2004b",1,0.31,0.15371193989071036,0.1767651086706347
14,"Albuquerque et al., 2024",11,0.11996454545454545,0.03632351465474419,0.0423081665506034
14,"Zagklis et al., 2021",2,0.1431,0.013188060109289634,0.037729787628968316
14,"Nam et al., 2015",1,0.062,0.09428806010928964,0.04580509546626993
14,"Nathao et al., 2013",1,0.057,0.09928806010928964,0.024178319226190396
14,"Mars et al., 2010",2,0.3415,0.1852119398907104,0.09776427142857042
14,"Baeyens et al., 2020",2,0.2872,0.13091193989071037,0.09266098559981703
15,"Gavala et al., 2005",1,0.0463,0.11540624999999996,0.17026145289413508
15,"Alibardi & Cossu, 2014",4,0.060000000000000005,0.10170624999999997,0.0837407423462302
15,"Slezak et al., 2017",1,0.076,0.08570624999999997,0.017931820892857095
15,"Kargi et al., 2012",2,0.111,0.05070624999999997,0.014186142842261912
15,"Cai et al., 2009",1,0.0072,0.15450624999999996,0.13114419083333279
15,"Wang & Yin, 2018",1,0.016,0.14570624999999998,0.0993631668253971
15,"Jain et al., 2022",1,0.3732,0.21149375,0.18491549583333244
15,"Tang et al., 2008",1,0.319,0.15729375000000004,0.23420223967261913
15,"Pendyala et al., 2012",1,0.056,0.10570624999999997,0.05165791666666613
15,"Pan et al., 2008",2,0.048,0.11370624999999997,0.09371048644345235
15,"Derdiche et al., 2025",5,0.06497,0.09673624999999997,0.04576535502572712
15,"Zagklis et al., 2021",2,0.1431,0.018606249999999963,0.09549766202762533
15,"Yang et al., 2006",1,0.1045,0.05720624999999997,0.12015045416666693
15,"Zhang et al., 2006",2,0.14969,0.012016249999999978,0.03382478190079355
15,"Morimoto et al., 2003",1,0.2613,0.09959375000000001,0.12102070375000007
15,"Dounavis et al., 2015",1,0.1266,0.03510624999999998,0.04733999999999977
15,"Han et al., 2014",1,0.2167,0.054993750000000036,0.018786602499999944
16,"Lee et al., 2014",3,0.08276666666666667,0.08177853951890034,0.03165295666666647
16,"Liu et al., 2015",2,0.061,0.10354520618556701,0.053500000000000006
16,"Slezak et al., 2017",1,0.076,0.08854520618556701,0.014322971587301433
16,"Ghimire et al., 2015",4,0.0995,0.065045206185567,0.0452282481746032
16,"Azbar et al., 2009",3,0.19799033333333335,0.033445127147766346,0.04787081173280446
16,"Gómez et al., 2006",1,0.0713,0.093245206185567,0.06899763999999997
16,"Chaganti et al., 2012",1,0.056,0.10854520618556701,0.14163885000000004
16,"Cai et al., 2009",1,0.0072,0.157345206185567,0.18082632500000004
16,"Rydén & Lyngfelt, 2006",1,0.00102,0.163525206185567,0.11845029166666682
16,"Pendyala et al., 2012",1,0.056,0.10854520618556701,0.04266224999999938
16,"Chen et al., 2007",1,0.1539,0.010645206185566997,0.024495033333332833
16,"Nam et al., 2015",1,0.062,0.102545206185567,0.04424562470238119
16,"Bundhoo et al., 2015",1,0.2239,0.05935479381443298,0.03720628988095215
16,"Cao et al., 2014",4,0.0486735,0.115871706185567,0.10088327028025822
16,"Gavala et al., 2005",1,0.0463,0.118245206185567,0.24859099377802807
16,"Luo et al., 2010",2,0.06005,0.10449520618556701,0.237413936792028
16,"Ottaviano et al., 2016",2,0.2066,0.042054793814433,0.06836513189310722
17,"Collet, 2004",2,0.07365,0.08515915384615386,0.20433832666666696
17,"Sun et al., 2014",1,0.2737,0.11489084615384615,0.06310009833333305
17,"Gonzales et al., 2016",3,0.1327,0.026109153846153837,0.031816090069444365
17,"Gómez et al., 2006",1,0.0713,0.08750915384615385,0.06832971825000012
17,"Chaganti et al., 2012",1,0.056,0.10280915384615386,0.08869591249999975
17,"Cai et al., 2009",1,0.0072,0.15160915384615384,0.1739483175
17,"Jariyaboon et al., 2023",3,0.1069,0.051909153846153855,0.06868620345196505
17,"Jain et al., 2022",1,0.3732,0.21439084615384613,0.18335843313491978
17,"Massanet-Nicolau et al., 2009",1,0.027,0.13180915384615385,0.06143987812770575
17,"Rydén & Lyngfelt, 2006",1,0.00102,0.15778915384615386,0.06634418146103915
17,"Derdiche et al., 2025",5,0.06497,0.09383915384615385,0.0708975850503247
17,"Kargi & Pamukoglu, 2009",1,0.3857,0.22689084615384614,0.23145324166666625
17,"Yang et al., 2006",1,0.1045,0.054309153846153854,0.13569947500000035
17,"Mandal et al., 2006",2,0.3608,0.20199084615384616,0.15674916666666683
17,"Trad et al., 2015",3,0.11396666666666666,0.04484248717948719,0.06657184522222237
17,"Chen et al., 2012",1,0.0248,0.13400915384615386,0.21960364172979818
17,"Wang & Wan, 2008",1,0.219,0.06019084615384615,0.07281448333333365
18,"Akinbomi & Taherzadeh, 2015",9,0.46588888888888896,0.32339479095074464,0.4121813223412698
18,"Collet, 2004",2,0.07365,0.06884409793814433,0.21675631666666673
18,"Kumar & Das, 2000b",1,0.2737,0.13120590206185567,0.07127086666666613
18,"Kotsopoulos et al., 2006",1,0.3073,0.1648059020618557,0.12066888500000031
18,"Lee et al., 2014",3,0.08276666666666667,0.05972743127147766,0.04928574749999983
18,"Mars et al., 2010",2,0.3415,0.1990059020618557,0.09685071874999915
18,"Kontodimos et al., 2025",2,0.00715,0.13534409793814434,0.06311902160714297
18,"Liu et al., 2009",1,0.0249,0.11759409793814432,0.2261707499999999
18,"Alzate-Gaviria et al., 2007",1,0.099,0.04349409793814432,0.00295278479166651
18,"Jain et al., 2022",1,0.3732,0.23070590206185565,0.20078933333333232
18,"Massanet-Nicolau et al., 2009",1,0.027,0.11549409793814433,0.06587749208333334
18,"Pendyala et al., 2012",1,0.056,0.08649409793814433,0.05148574999999935
18,"Nathao et al., 2013",1,0.057,0.08549409793814433,0.03155362735714289
18,"Bundhoo et al., 2015",1,0.2239,0.08140590206185566,0.05148933333333233
18,"Kim, 2004",1,0.1229,0.01959409793814433,0.02562977196428555
18,"Zahedi et al., 2012",1,0.052,0.09049409793814434,0.18514093666666617
18,"Wang & Wan, 2008",1,0.219,0.07650590206185567,0.15820099999999993
19,"Liu et al., 2015",2,0.061,0.08775846820809252,0.20371099471590937
19,"Sun et al., 2014",1,0.2737,0.12494153179190748,0.04400163494047574
19,"Kontodimos et al., 2025",2,0.00715,0.14160846820809253,0.28582831470851017
19,"Liu et al., 2009",1,0.0249,0.12385846820809251,0.21129581367736397
19,"Tang et al., 2008",1,0.319,0.17024153179190749,0.21350310332341288
19,"Lin & Chang, 2003",1,0.2115,0.06274153179190747,0.01988584897186163
19,"Derdiche et al., 2025",5,0.06497,0.08378846820809252,0.06400385122925681
19,"Albuquerque et al., 2024",11,0.11996454545454545,0.02879392275354707,0.04004448483044738
19,"Pan et al., 2008",2,0.048,0.10075846820809252,0.06346519422619039
19,"Levin et al., 2006",2,0.14865,0.0001084682080925159,0.07414487581730732
19,"Lee et al., 2009",1,0.148,0.0007584682080925276,0.12444080000000038
19,"Han et al., 2014",1,0.2167,0.06794153179190748,0.019603834285714383
19,"Zhang et al., 2006",2,0.14969,0.0009315317919074695,0.04603806930670038
19,"Baeyens et al., 2020",2,0.2872,0.1384415317919075,0.09831387951479101
19,"Chen et al., 2012",1,0.0248,0.12395846820809252,0.1521694398412697
19,"Wang & Wan, 2008",1,0.219,0.07024153179190748,0.1246427687500003
19,"Okonkwo, 2019",15,0.30300000000000005,0.15424153179190753,0.10607851973672147
20,"Akinbomi & Taherzadeh, 2015",9,0.46588888888888896,0.3328122999318337,0.4278542420767194
20,"Muri et al., 2016",1,0.36,0.22692341104294475,0.2811415695000001
20,"Chang et al., 2010",1,0.2264,0.09332341104294475,0.013127483333333273
20,"Akhbari & Ibrahim, 2022",11,0.05910636363636364,0.0739702253206916,0.07142811045815296
20,"Azbar et al., 2009",3,0.19799033333333335,0.06491374437627812,0.06569146940806886
20,"Liu et al., 2009",1,0.0249,0.10817658895705523,0.1794051916666665
20,"Jain et al., 2022",1,0.3732,0.24012341104294474,0.18705818154761816
20,"Zhu & Beland, 2006",1,0.0282,0.10487658895705523,0.1841196041666665
20,"Rydén & Lyngfelt, 2006",1,0.00102,0.13205658895705524,0.10015549825244224
20,"Pendyala et al., 2012",1,0.056,0.07707658895705524,0.15604160416666654
20,"Levin et al., 2006",2,0.14865,0.015573411042944768,0.14182586672619013
20,"Albuquerque et al., 2024",11,0.11996454545454545,0.013112043502509788,0.05052396396743401
20,"Lee et al., 2006",1,0.128,0.005076588957055234,0.08387670000000069
20,"Ito et al., 2005",1,0.2726,0.13952341104294477,0.17513954166666654
20,"Kargi & Pamukoglu, 2009",1,0.3857,0.2526234110429447,0.1727278083333327
20,"Wang & Wan, 2008",1,0.219,0.08592341104294476,0.1525959999999998
20,"Ergal et al., 2022",14,0.2817928571428571,0.1487162681858019,0.13466271716269845
21,"Alibardi & Cossu, 2014",4,0.060000000000000005,0.12082156287425144,0.06540019267857158
21,"Kumar & Das, 2000b",1,0.2737,0.09287843712574856,0.04317121369047561
21,"Shen et al., 2010",1,0.19276,0.011938437125748547,0.07258605249999989
21,"Kargi et al., 2012",2,0.111,0.06982156287425144,0.005544782023358605
21,"Fang et al., 2005",1,0.346,0.16517843712574853,0.26639673336309533
21,"Fang & Liu, 2002",1,0.2613,0.08047843712574854,0.015950758712120372
21,"Nguyen et al., 2008",1,0.2737,0.09287843712574856,0.1431758532142858
21,"Gómez et al., 2006",1,0.0713,0.10952156287425144,0.0567356145238096
21,"Chaganti et al., 2012",1,0.056,0.12482156287425145,0.049171187896825154
21,"Lin & Chang, 2003",1,0.2115,0.030678437125748553,0.09074168295454602
21,"Chen et al., 2007",1,0.1539,0.02692156287425143,0.00037822083333377554
21,"Di Perta et al., 2022",11,0.1261818181818182,0.05463974469243324,0.0542993401650432
21,"Ito et al., 2005",1,0.2726,0.09177843712574857,0.16456399583333314
21,"Fan et al., 2005",3,0.071,0.10982156287425145,0.03527807409722231
21,"Cao et al., 2014",4,0.0486735,0.13214806287425143,0.09083743322172641
21,"Chen et al., 2012",1,0.0248,0.15602156287425145,0.18333628391636128
21,"Cárdenas et al., 2018",22,0.007872727272727273,0.17294883560152416,0.1126035205230882
22,"Geng et al., 2010",1,0.1692,0.03403558988764044,0.0676153699404761
22,"Shen et al., 2010",1,0.19276,0.057595589887640436,0.07236491553571409
22,"Tapia-Venegas et al., 2012",1,0.3359,0.20073558988764043,0.15263550499999978
22,"Chang et al., 2010",1,0.2264,0.09123558988764044,0.116870750714286
22,"Mars et al., 2010",2,0.3415,0.20633558988764047,0.201466668333334
22,"Gonzales et al., 2016",3,0.1327,0.0024644101123595386,0.04554269107219169
22,"Jain et al., 2022",1,0.3732,0.23803558988764043,0.15521544374999974
22,"Zhu & Beland, 2006",1,0.0282,0.10696441011235955,0.11887918452380894
22,"Łukajtis et al., 2018",7,0.18394714285714286,0.048782732744783314,0.13189565253710583
22,"Massanet-Nicolau et al., 2009",1,0.027,0.10816441011235955,0.08050389250000009
22,"Yang et al., 2006",1,0.1045,0.030664410112359555,0.13504024264652037
22,"Panagiotopoulos et al., 2010",4,0.307925,0.17276058988764045,0.20125089708333366
22,"Mandal et al., 2006",2,0.3608,0.22563558988764046,0.17716097958333393
22,"Fan et al., 2005",3,0.071,0.06416441011235956,0.034260582559523786
22,"Gavala et al., 2005",1,0.0463,0.08886441011235954,0.15492896731962455
22,"Kim, 2004",1,0.1229,0.012264410112359556,0.023603477083333116
22,"Okonkwo, 2019",15,0.30300000000000005,0.1678355898876405,0.1688579788324077
23,"Alibardi & Cossu, 2014",4,0.060000000000000005,0.11225901775147928,0.0675348927777778
23,"Sun et al., 2014",1,0.2737,0.10144098224852072,0.04447452083333281
23,"Ghimire et al., 2015",4,0.0995,0.07275901775147928,0.043836895606060716
23,"Fang et al., 2005",1,0.346,0.1737409822485207,0.27875612460317467
23,"Fang & Liu, 2002",1,0.2613,0.0890409822485207,0.016233595833332948
23,"Azbar et al., 2009",3,0.19799033333333335,0.02573131558185407,0.06795403844246026
23,"Gómez et al., 2006",1,0.0713,0.10095901775147928,0.043266650416666774
23,"Liu et al., 2009",1,0.0249,0.14735901775147928,0.23489415729166654
23,"Cai et al., 2009",1,0.0072,0.16505901775147927,0.14711678229166592
23,"Wang & Yin, 2018",1,0.016,0.15625901775147927,0.09135583833333356
23,"Tang et al., 2008",1,0.319,0.14674098224852072,0.23293393442460325
23,"Łukajtis et al., 2018",7,0.18394714285714286,0.011688125105663583,0.12452647291743961
23,"Cai et al., 2004b",1,0.31,0.13774098224852072,0.19506484523809497
23,"Panagiotopoulos et al., 2010",4,0.307925,0.13566598224852072,0.06701785905296125
23,"Zhi & Wang, 2014",1,0.00098,0.17127901775147927,0.03216583853708787
23,"Alzate-Gaviria et al., 2007",1,0.099,0.07325901775147928,0.0028862502182538385
23,"Cárdenas et al., 2018",22,0.007872727272727273,0.164386290478752,0.0990390017382618
24,"Collet, 2004",2,0.07365,0.06355728494623653,0.1187808362500003
24,"Slezak et al., 2017",1,0.076,0.06120728494623652,0.01666623607142849
24,"Kotsopoulos et al., 2006",1,0.3073,0.1700927150537635,0.14995200750000015
24,"Fang et al., 2005",1,0.346,0.20879271505376346,0.26862624300595234
24,"Fang & Liu, 2002",1,0.2613,0.12409271505376346,0.01359202047618982
24,"Kontodimos et al., 2025",2,0.00715,0.13005728494623653,0.25944900751534516
24,"Veeravalli et al., 2014",1,0.3185,0.1812927150537635,0.23234364630952375
24,"Tang et al., 2008",1,0.319,0.1817927150537635,0.2194851618750002
24,"Massanet-Nicolau et al., 2009",1,0.027,0.11020728494623652,0.05252128773809543
24,"Chen et al., 2007",1,0.1539,0.01669271505376349,0.04125415505952437
24,"Levin et al., 2006",2,0.14865,0.011442715053763486,0.07923231333495666
24,"Panagiotopoulos et al., 2010",4,0.307925,0.17071771505376349,0.10989559657106782
24,"Mars et al., 2010",2,0.3415,0.2042927150537635,0.190439895416667
24,"Kumar & Das, 2000b",1,0.2737,0.13649271505376348,0.04693496976190423
24,"Chen et al., 2012",1,0.0248,0.11240728494623652,0.1262522336731598
24,"Wang & Wan, 2008",1,0.219,0.08179271505376348,0.1649045237500001
24,"Okonkwo, 2019",15,0.30300000000000005,0.16579271505376353,0.14806261777900456
25,"Chang et al., 2010",1,0.2264,0.06429747395833332,0.12099994333333379
25,"Akhbari & Ibrahim, 2022",11,0.05910636363636364,0.10299616240530303,0.09634887141233762
25,"Kontodimos et al., 2025",2,0.00715,0.15495252604166668,0.258465401833481
25,"Veeravalli et al., 2014",1,0.3185,0.15639747395833334,0.21626892872619025
25,"Wang & Yin, 2018",1,0.016,0.14610252604166668,0.10178441060714315
25,"Jain et al., 2022",1,0.3732,0.2110974739583333,0.1858104938492055
25,"Martins et al., 2022",3,0.00944,0.15266252604166666,0.2775940170710556
25,"Pendyala et al., 2012",1,0.056,0.10610252604166667,0.03397398999999946
25,"Chen et al., 2007",1,0.1539,0.008202526041666658,0.005148497222221826
25,"Tang et al., 2008",1,0.319,0.15689747395833334,0.23530951916666676
25,"Lee et al., 2006",1,0.128,0.034102526041666664,0.02948144166666658
25,"Morimoto et al., 2003",1,0.2613,0.09919747395833331,0.11987226083333322
25,"Nam et al., 2015",1,0.062,0.10010252604166667,0.05322534178571452
25,"Zhi & Wang, 2014",1,0.00098,0.16112252604166666,0.03239904511405261
25,"Baeyens et al., 2020",2,0.2872,0.12509747395833334,0.12558901416666682
25,"Gavala et al., 2005",1,0.0463,0.11580252604166666,0.20751920200269186
25,"Ottaviano et al., 2016",2,0.2066,0.04449747395833334,0.03370000000000001
26,"Gavala et al., 2005",1,0.0463,0.11021992227979271,0.16048562610735076
26,"Geng et al., 2010",1,0.1692,0.012680077720207267,0.020948103333333662
26,"Kotsopoulos et al., 2006",1,0.3073,0.1507800777202073,0.14033211583333374
26,"Tapia-Venegas et al., 2012",1,0.3359,0.17938007772020725,0.11469887583333313
26,"Kargi et al., 2012",2,0.111,0.04551992227979272,0.03462320423611106
26,"Mars et al., 2010",2,0.3415,0.1849800777202073,0.10108721428571335
26,"Wang & Yin, 2018",1,0.016,0.1405199222797927,0.1381590661309528
26,"Jain et al., 2022",1,0.3732,0.21668007772020725,0.1902874166666656
26,"Albuquerque et al., 2024",11,0.11996454545454545,0.036555376825247274,0.04322677096090765
26,"Pan et al., 2008",2,0.048,0.10851992227979272,0.08193996152083348
26,"Yang et al., 2006",1,0.1045,0.05201992227979273,0.1230945903571433
26,"Lee et al., 2006",1,0.128,0.02851992227979272,0.04178141666666674
26,"Morimoto et al., 2003",1,0.2613,0.10478007772020725,0.14748790333333356
26,"Bundhoo et al., 2015",1,0.2239,0.06738007772020727,0.04098741666666561
26,"Alzate-Gaviria et al., 2007",1,0.099,0.05751992227979272,0.001344889674603153
26,"Zahedi et al., 2012",1,0.052,0.10451992227979273,0.17343410541666635
26,"Luo et al., 2010",2,0.06005,0.09646992227979273,0.21325784780393242
27,"Akinbomi & Taherzadeh, 2015",9,0.46588888888888896,0.3221088095238096,0.42399371212301573
27,"Liu et al., 2015",2,0.061,0.08278007936507939,0.05463038089285703
27,"Zahedi et al., 2012",1,0.052,0.0917800793650794,0.04231505325000003
27,"Fan et al., 2005",3,0.071,0.0727800793650794,0.036077724309523836
27,"Valdezvazquez et al., 2004",3,0.295,0.1512199206349206,0.17067671388888903
27,"Dounavis et al., 2015",1,0.1266,0.017180079365079398,0.04684418666666654
27,"Wang & Yin, 2018",1,0.016,0.1277800793650794,0.11947751033333383
27,"Massanet-Nicolau et al., 2009",1,0.027,0.11678007936507939,0.07182468833333329
27,"Tang et al., 2008",1,0.319,0.17521992063492062,0.24380844244047611
27,"Han et al., 2014",1,0.2167,0.07291992063492062,0.0170112380952378
27,"Yang et al., 2006",1,0.1045,0.03928007936507939,0.10935589166666683
27,"Lee et al., 2006",1,0.128,0.015780079365079386,0.05220640000000032
27,"Trad et al., 2015",3,0.11396666666666666,0.029813412698412728,0.07217275838888894
27,"Martins et al., 2022",3,0.00944,0.13434007936507938,0.09405119666666673
27,"Baeyens et al., 2020",2,0.2872,0.14341992063492062,0.10561098541666689
27,"Chen et al., 2012",1,0.0248,0.11898007936507939,0.0863071819047619
27,"Wang & Wan, 2008",1,0.219,0.07521992063492061,0.16858580000000012
28,"Kotsopoulos et al., 2006",1,0.3073,0.15858860248447207,0.13515313895833356
28,"Ghimire et al., 2015",4,0.0995,0.049211397515527944,0.04628011665178576
28,"Akhbari & Ibrahim, 2022",11,0.05910636363636364,0.08960503387916431,0.08905652247059126
28,"Valdezvazquez et al., 2004",3,0.295,0.14628860248447204,0.18066700250000003
28,"Gómez et al., 2006",1,0.0713,0.07741139751552795,0.03138183392857159
28,"Tang et al., 2008",1,0.319,0.17028860248447206,0.2404732617857144
28,"Luo et al., 2010",2,0.06005,0.08866139751552796,0.15742486306953501
28,"Derdiche et al., 2025",5,0.06497,0.08374139751552795,0.06041252824087022
28,"Chen et al., 2007",1,0.1539,0.00518860248447206,0.0034498368055549955
28,"Di Perta et al., 2022",11,0.1261818181818182,0.02252957933370975,0.057132586987734386
28,"Panagiotopoulos et al., 2010",4,0.307925,0.15921360248447206,0.05511159172008587
28,"Ito et al., 2005",1,0.2726,0.12388860248447206,0.18125090702380942
28,"Kargi & Pamukoglu, 2009",1,0.3857,0.23698860248447204,0.19206991666666623
28,"Chen et al., 2012",1,0.0248,0.12391139751552795,0.1672008673128676
28,"Dounavis et al., 2015",1,0.1266,0.02211139751552796,0.026817053630952215
28,"Wang & Wan, 2008",1,0.219,0.07028860248447205,0.16553426666666665
28,"Ergal et al., 2022",14,0.2817928571428571,0.13308145962732917,0.12961703434948985
29,"Gavala et al., 2005",1,0.0463,0.10212437172774869,0.1510651255994696
29,"Muri et al., 2016",1,0.36,0.2115756282722513,0.24618376186309526
29,"Kontodimos et al., 2025",2,0.00715,0.1412743717277487,0.22242177016872416
29,"Liu et al., 2009",1,0.0249,0.12352437172774869,0.2032526999999997
29,"Cai et al., 2009",1,0.0072,0.14122437172774868,0.16475792499999917
29,"Tang et al., 2008",1,0.319,0.1705756282722513,0.2341771326785716
29,"Massanet-Nicolau et al., 2009",1,0.027,0.1214243717277487,0.03884722166666671
29,"Pan et al., 2008",2,0.048,0.10042437172774869,0.08134338345833322
29,"Levin et al., 2006",2,0.14865,0.00022562827225131032,0.15382592416666646
29,"Lee et al., 2009",1,0.148,0.00042437172774870136,0.20685120000000165
29,"Lee et al., 2006",1,0.128,0.02042437172774869,0.09580116666666733
29,"Kargi & Pamukoglu, 2009",1,0.3857,0.2372756282722513,0.12852043333333263
29,"Bundhoo et al., 2015",1,0.2239,0.0754756282722513,0.026403404166666644
29,"Kim, 2004",1,0.1229,0.0255243717277487,0.01916379803571419
29,"Zahedi et al., 2012",1,0.052,0.0964243717277487,0.1840205434523808
29,"Wang & Wan, 2008",1,0.219,0.0705756282722513,0.09835766666666705
29,"Ergal et al., 2022",14,0.2817928571428571,0.13336848541510843,0.1358074725949546
30,"Akinbomi & Taherzadeh, 2015",9,0.46588888888888896,0.3399449059343435,0.4155397148148147
30,"Liu et al., 2015",2,0.061,0.06494398295454545,0.0535
30,"Tapia-Venegas et al., 2012",1,0.3359,0.20995601704545452,0.09798747499999971
30,"Fang et al., 2005",1,0.346,0.22005601704545452,0.2914966630889249
30,"Valdezvazquez et al., 2004",3,0.295,0.16905601704545453,0.20734156311297502
30,"Gómez et al., 2006",1,0.0713,0.05464398295454545,0.03659382589285709
30,"Liu et al., 2009",1,0.0249,0.10104398295454545,0.2303470458333333
30,"Alzate-Gaviria et al., 2007",1,0.099,0.026943982954545448,0.048087536223845574
30,"Rydén & Lyngfelt, 2006",1,0.00102,0.12492398295454546,0.12591849583333353
30,"Cai et al., 2004b",1,0.31,0.18405601704545455,0.17136410791666612
30,"Lee et al., 2009",1,0.148,0.02205601704545454,0.21723821726190642
30,"Panagiotopoulos et al., 2010",4,0.307925,0.18198101704545455,0.055549767336309536
30,"Nam et al., 2015",1,0.062,0.06394398295454545,0.04629334083333363
30,"Cao et al., 2014",4,0.0486735,0.07727048295454544,0.10361569728422645
30,"Han et al., 2014",1,0.2167,0.09075601704545455,0.011776446428571785
30,"Ergal et al., 2022",14,0.2817928571428571,0.15584887418831167,0.13704056099090384
30,"Ottaviano et al., 2016",2,0.2066,0.08065601704545455,0.11010282630952395
31,"Tapia-Venegas et al., 2012",1,0.3359,0.15021731292517004,0.12795887749999993
31,"Zahedi et al., 2012",1,0.052,0.13368268707482994,0.1522060948809521
31,"Akhbari & Ibrahim, 2022",11,0.05910636363636364,0.1265763234384663,0.07854125671044869
31,"Fan et al., 2005",3,0.071,0.11468268707482994,0.046047679490740845
31,"Kargi et al., 2012",2,0.111,0.07468268707482993,0.020988163580357135
31,"Chu et al., 2012",1,0.066,0.11968268707482993,0.26724359388625263
31,"Jariyaboon et al., 2023",3,0.1069,0.07878268707482994,0.12058707861287789
31,"Albuquerque et al., 2024",11,0.11996454545454545,0.06571814162028448,0.04905905725614663
31,"Rydén & Lyngfelt, 2006",1,0.00102,0.18466268707482994,0.11872923875000008
31,"Cai et al., 2004b",1,0.31,0.12431731292517006,0.20334894958333294
31,"Di Perta et al., 2022",11,0.1261818181818182,0.05950086889301173,0.061885503268398236
31,"Panagiotopoulos et al., 2010",4,0.307925,0.12224231292517007,0.052875000000000005
31,"Mandal et al., 2006",2,0.3608,0.17511731292517008,0.14639149999999979
31,"Bundhoo et al., 2015",1,0.2239,0.038217312925170055,0.03436152976190454
31,"Chen et al., 2012",1,0.0248,0.16088268707482994,0.16962793478715738
31,"Han et al., 2014",1,0.2167,0.03101731292517007,0.022020962499999963
31,"Cárdenas et al., 2018",22,0.007872727272727273,0.17780995980210265,0.13296528087703982
32,"Akinbomi & Taherzadeh, 2015",9,0.46588888888888896,0.3502068702553486,0.41363274346560835
32,"Ghimire et al., 2015",4,0.0995,0.01618201863354038,0.045421865832341334
32,"Tapia-Venegas et al., 2012",1,0.3359,0.2202179813664596,0.14358342916666655
32,"Fang & Liu, 2002",1,0.2613,0.1456179813664596,0.040742415833332574
32,"Nguyen et al., 2008",1,0.2737,0.15801798136645961,0.08120220113095242
32,"Chu et al., 2012",1,0.066,0.04968201863354038,0.015436639166666904
32,"Wang & Yin, 2018",1,0.016,0.09968201863354038,0.15302581341666727
32,"Jain et al., 2022",1,0.3732,0.2575179813664596,0.21478544999999896
32,"Cai et al., 2004b",1,0.31,0.1943179813664596,0.20408467380952375
32,"Zagklis et al., 2021",2,0.1431,0.02741798136645962,0.0619940358035713
32,"Ivanova et al., 2009",6,0.025778333333333337,0.08990368530020705,0.07276032911111074
32,"Zhang et al., 2006",2,0.14969,0.034007981366459605,0.022593478178571463
32,"Ergal et al., 2022",14,0.2817928571428571,0.16611083850931674,0.14369828687996034
32,"Bundhoo et al., 2015",1,0.2239,0.1082179813664596,0.06548544999999897
32,"Gavala et al., 2005",1,0.0463,0.06938201863354038,0.11207473430952311
32,"Okonkwo, 2019",15,0.30300000000000005,0.18731798136645966,0.1278335318555554
32,"Ottaviano et al., 2016",2,0.2066,0.09091798136645962,0.06336286761904791
33,"Lee et al., 2014",3,0.08276666666666667,0.07493092252252252,0.02656959097222221
33,"Muri et al., 2016",1,0.36,0.2023024108108108,0.2414706364285712
33,"Ghimire et al., 2015",4,0.0995,0.058197589189189186,0.0687917764012896
33,"Azbar et al., 2009",3,0.19799033333333335,0.04029274414414416,0.039344159226190674
33,"Gómez et al., 2006",1,0.0713,0.08639758918918919,0.054795028333333495
33,"Nguyen et al., 2008",1,0.2737,0.11600241081081081,0.1393420293772895
33,"Valdezvazquez et al., 2004",3,0.295,0.1373024108108108,0.1891517325694445
33,"Wang & Yin, 2018",1,0.016,0.14169758918918918,0.1499824662500005
33,"Lin & Chang, 2003",1,0.2115,0.0538024108108108,0.07668724166666716
33,"Massanet-Nicolau et al., 2009",1,0.027,0.1306975891891892,0.03611282833333343
33,"Alzate-Gaviria et al., 2007",1,0.099,0.05869758918918919,0.013142525863095167
33,"Tang et al., 2008",1,0.319,0.16130241081081081,0.248093413125
33,"Albuquerque et al., 2024",11,0.11996454545454545,0.03773304373464374,0.06529450422336998
33,"Yang et al., 2006",1,0.1045,0.053197589189189196,0.13372778452380962
33,"Nam et al., 2015",1,0.062,0.09569758918918919,0.0404989708333334
33,"Martins et al., 2022",3,0.00944,0.1482575891891892,0.2197860886996709
33,"Baeyens et al., 2020",2,0.2872,0.12950241081081082,0.12160488125000009
34,"Liu et al., 2015",2,0.061,0.10525282122905028,0.11308534500000059
34,"Ghimire et al., 2015",4,0.0995,0.06675282122905027,0.04602064211061511
34,"Chang et al., 2010",1,0.2264,0.060147178770949716,0.15374600083333345
34,"Akhbari & Ibrahim, 2022",11,0.05910636363636364,0.10714645759268664,0.0898568356964777
34,"Gonzales et al., 2016",3,0.1327,0.03355282122905026,0.03416349854166661
34,"Fan et al., 2005",3,0.071,0.09525282122905028,0.04136766453703702
34,"Chu et al., 2012",1,0.066,0.10025282122905027,0.2143395528568658
34,"Massanet-Nicolau et al., 2009",1,0.027,0.13925282122905028,0.09226402229166664
34,"Martins et al., 2022",3,0.00944,0.15681282122905027,0.258762743042791
34,"Łukajtis et al., 2018",7,0.18394714285714286,0.01769432162809259,0.14104877362244878
34,"Zhi & Wang, 2014",1,0.00098,0.16527282122905027,0.03512636351863411
34,"Levin et al., 2006",2,0.14865,0.01760282122905027,0.12586140374999982
34,"Yang et al., 2006",1,0.1045,0.06175282122905028,0.1318258467559525
34,"Mandal et al., 2006",2,0.3608,0.19454717877094974,0.15988503750000038
34,"Bundhoo et al., 2015",1,0.2239,0.057647178770949714,0.10600604999999919
34,"Chen et al., 2012",1,0.0248,0.14145282122905029,0.18066774833333335
34,"Han et al., 2014",1,0.2167,0.05044717877094973,0.02785958541666672
35,"Liu et al., 2015",2,0.061,0.09595153225806452,0.1941213526659451
35,"Sun et al., 2014",1,0.2737,0.11674846774193548,0.1127526583333334
35,"Ghimire et al., 2015",4,0.0995,0.057451532258064514,0.04237901655315181
35,"Akhbari & Ibrahim, 2022",11,0.05910636363636364,0.09784516862170088,0.08961281813328081
35,"Fan et al., 2005",3,0.071,0.08595153225806453,0.03498848690079371
35,"Nguyen et al., 2008",1,0.2737,0.11674846774193548,0.12475556214285707
35,"Valdezvazquez et al., 2004",3,0.295,0.13804846774193547,0.19070097750000006
35,"Mars et al., 2010",2,0.3415,0.1845484677419355,0.09680492767857082
35,"Kontodimos et al., 2025",2,0.00715,0.14980153225806453,0.304463213158059
35,"Tang et al., 2008",1,0.319,0.1620484677419355,0.2461256258333333
35,"Lin & Chang, 2003",1,0.2115,0.054548467741935475,0.0634295541666672
35,"Zhu & Beland, 2006",1,0.0282,0.12875153225806452,0.1193037499999994
35,"Chen et al., 2007",1,0.1539,0.00305153225806451,0.006954849999999374
35,"Lee et al., 2006",1,0.128,0.028951532258064516,0.050082535714286
35,"Bundhoo et al., 2015",1,0.2239,0.06694846774193547,0.023066110714285465
35,"Kumar & Das, 2000b",1,0.2737,0.11674846774193548,0.09981657261904753
35,"Mandal et al., 2006",2,0.3608,0.2038484677419355,0.19065545250000043
36,"Sun et al., 2014",1,0.2737,0.12590476331360945,0.05375156249999977
36,"Ghimire et al., 2015",4,0.0995,0.04829523668639055,0.06821999889880948
36,"Nguyen et al., 2008",1,0.2737,0.12590476331360945,0.08978959607142858
36,"Gómez et al., 2006",1,0.0713,0.07649523668639055,0.08035953950000019
36,"Wang & Yin, 2018",1,0.016,0.13179523668639054,0.1704737608095243
36,"Jariyaboon et al., 2023",3,0.1069,0.04089523668639056,0.07709345737694721
36,"Albuquerque et al., 2024",11,0.11996454545454545,0.027830691231845103,0.052642361701085424
36,"Lee et al., 2009",1,0.148,0.00020476331360944067,0.15880954500000113
36,"Zagklis et al., 2021",2,0.1431,0.004695236686390547,0.06479542298611107
36,"Ivanova et al., 2009",6,0.025778333333333337,0.12201690335305722,0.07691631840277739
36,"Zhang et al., 2006",2,0.14969,0.0018947633136094377,0.01824098229761923
36,"Morimoto et al., 2003",1,0.2613,0.11350476331360942,0.14274323916666717
36,"Nam et al., 2015",1,0.062,0.08579523668639055,0.02018416119047632
36,"Bundhoo et al., 2015",1,0.2239,0.07610476331360944,0.028893016666666438
36,"Mandal et al., 2006",2,0.3608,0.21300476331360946,0.15984239416666707
36,"Okonkwo, 2019",15,0.30300000000000005,0.1552047633136095,0.12034501123095219
36,"Ottaviano et al., 2016",2,0.2066,0.058804763313609454,0.072660671302309
37,"Lee et al., 2014",3,0.08276666666666667,0.08155675886524823,0.028140856777777765
37,"Muri et al., 2016",1,0.36,0.1956765744680851,0.18170172583333313
37,"Ghimire et al., 2015",4,0.0995,0.06482342553191489,0.049640855042162806
37,"Kontodimos et al., 2025",2,0.00715,0.1571734255319149,0.15478787962842705
37,"Azbar et al., 2009",3,0.19799033333333335,0.033666907801418455,0.0806438201984129
37,"Liu et al., 2009",1,0.0249,0.1394234255319149,0.24583212499999993
37,"Cai et al., 2009",1,0.0072,0.15712342553191488,0.16520241666666607
37,"Veeravalli et al., 2014",1,0.3185,0.1541765744680851,0.26669933583333333
37,"Jain et al., 2022",1,0.3732,0.20887657446808508,0.186199061904761
37,"Tang et al., 2008",1,0.319,0.1546765744680851,0.23517139117063507
37,"Derdiche et al., 2025",5,0.06497,0.0993534255319149,0.05543895276326177
37,"Pan et al., 2008",2,0.048,0.1163234255319149,0.09642746505952354
37,"Ivanova et al., 2009",6,0.025778333333333337,0.13854509219858155,0.20819816861111187
37,"Zhang et al., 2006",2,0.14969,0.014633425531914906,0.04570904248809514
37,"Zhi & Wang, 2014",1,0.00098,0.1633434255319149,0.23265539083333403
37,"Han et al., 2014",1,0.2167,0.05237657446808511,0.016645191666666698
37,"Kim, 2004",1,0.1229,0.0414234255319149,0.005493096934523836
38,"Collet, 2004",2,0.07365,0.09868380790960452,0.19085973482142887
38,"Muri et al., 2016",1,0.36,0.18766619209039548,0.27289024142857154
38,"Kotsopoulos et al., 2006",1,0.3073,0.1349661920903955,0.1270020604166669
38,"Tapia-Venegas et al., 2012",1,0.3359,0.16356619209039547,0.0976762422619041
38,"Fang et al., 2005",1,0.346,0.17366619209039547,0.22377097079365055
38,"Geng et al., 2010",1,0.1692,0.003133807909604519,0.027721763000000815
38,"Azbar et al., 2009",3,0.19799033333333335,0.025656525423728843,0.07802171053902111
38,"Kontodimos et al., 2025",2,0.00715,0.16518380790960452,0.2449834561231822
38,"Li et al., 2020",1,0.007,0.1653338079096045,0.10798220285317485
38,"Tang et al., 2008",1,0.319,0.1466661920903955,0.22109152779761942
38,"Lin & Chang, 2003",1,0.2115,0.039166192090395485,0.08278977023809633
38,"Jariyaboon et al., 2023",3,0.1069,0.06543380790960451,0.06449222804945082
38,"Cai et al., 2004b",1,0.31,0.1376661920903955,0.18954098142857115
38,"Lee et al., 2009",1,0.148,0.024333807909604516,0.15401369107142973
38,"Zagklis et al., 2021",2,0.1431,0.029233807909604503,0.07699286376984144
38,"Fan et al., 2005",3,0.071,0.10133380790960451,0.038462376592592724
38,"Cárdenas et al., 2018",22,0.007872727272727273,0.16446108063687723,0.08351747490243344
39,"Ghimire et al., 2015",4,0.0995,0.05591620588235294,0.04553900790322904
39,"Shen et al., 2010",1,0.19276,0.037343794117647044,0.061682296843434264
39,"Fang et al., 2005",1,0.346,0.19058379411764703,0.23576374846230125
39,"Kontodimos et al., 2025",2,0.00715,0.14826620588235295,0.24699407300019846
39,"Gonzales et al., 2016",3,0.1327,0.02271620588235293,0.036189907222222185
39,"Chaganti et al., 2012",1,0.056,0.09941620588235295,0.05361033333333324
39,"Jariyaboon et al., 2023",3,0.1069,0.04851620588235295,0.07831127132104047
39,"Derdiche et al., 2025",5,0.06497,0.09044620588235294,0.06307660528230682
39,"Pan et al., 2008",2,0.048,0.10741620588235294,0.08183869520833317
39,"Zagklis et al., 2021",2,0.1431,0.012316205882352937,0.06702866129960325
39,"Yang et al., 2006",1,0.1045,0.05091620588235295,0.11995691750000019
39,"Ivanova et al., 2009",6,0.025778333333333337,0.1296378725490196,0.10037809687499971
39,"Panagiotopoulos et al., 2010",4,0.307925,0.15250879411764706,0.052875000000000005
39,"Nam et al., 2015",1,0.062,0.09341620588235294,0.03628604363095246
39,"Kargi & Pamukoglu, 2009",1,0.3857,0.23028379411764704,0.2099274627976187
39,"Martins et al., 2022",3,0.00944,0.14597620588235294,0.24283345618215715
39,"Ergal et al., 2022",14,0.2817928571428571,0.12637665126050418,0.13408299630881523
